NaN,,NaN,NaN,NaN,NaN,NaN,NaN,NaN,NaN,NaN,NaN,NaN,NaN,NaN,NaN,NaN,NaN,NaN,NaN,NaN,NaN,NaN,NaN,NaN,NaN,NaN,NaN,NaN,NaN,NaN,NaN,NaN,NaN,NaN,NaN,NaN,NaN,NaN,NaN,NaN,NaN,NaN,NaN,NaN,NaN,NaN,NaN,NaN,NaN,NaN,NaN,NaN,NaN,NaN,NaN
NaN,,NaN,NaN,NaN,NaN,NaN,NaN,NaN,NaN,NaN,NaN,NaN,NaN,NaN,NaN,NaN,NaN,NaN,NaN,NaN,NaN,NaN,NaN,NaN,NaN,NaN,NaN,NaN,NaN,NaN,NaN,NaN,NaN,NaN,NaN,NaN,NaN,NaN,NaN,NaN,NaN,NaN,NaN,NaN,NaN,NaN,NaN,NaN,NaN,NaN,NaN,NaN,NaN,NaN,NaN
684.43,,502.54,117.49,NaN,NaN,NaN,NaN,NaN,NaN,NaN,NaN,NaN,NaN,NaN,NaN,NaN,NaN,NaN,NaN,NaN,NaN,NaN,NaN,NaN,NaN,NaN,NaN,NaN,NaN,NaN,NaN,NaN,NaN,NaN,NaN,NaN,NaN,NaN,NaN,NaN,NaN,NaN,NaN,NaN,NaN,NaN,NaN,NaN,NaN,NaN,NaN,NaN,NaN,NaN,NaN
692.48,,13.032,604.01,353.4,216.83,NaN,NaN,NaN,NaN,NaN,NaN,NaN,NaN,NaN,NaN,NaN,NaN,NaN,NaN,NaN,NaN,NaN,NaN,NaN,NaN,NaN,NaN,NaN,NaN,NaN,NaN,NaN,NaN,NaN,NaN,NaN,NaN,NaN,NaN,NaN,NaN,NaN,NaN,NaN,NaN,NaN,NaN,NaN,NaN,NaN,NaN,NaN,NaN,NaN,NaN
696.6,,188.15,173.4,510.55,743.49,NaN,NaN,NaN,NaN,NaN,NaN,NaN,NaN,NaN,NaN,NaN,NaN,NaN,NaN,NaN,NaN,NaN,NaN,NaN,NaN,NaN,NaN,NaN,NaN,NaN,NaN,NaN,NaN,NaN,NaN,NaN,NaN,NaN,NaN,NaN,NaN,NaN,NaN,NaN,NaN,NaN,NaN,NaN,NaN,NaN,NaN,NaN,NaN,NaN,NaN
700.71,,188.39,175.63,509.73,786.84,NaN,NaN,NaN,NaN,NaN,NaN,NaN,NaN,NaN,NaN,NaN,NaN,NaN,NaN,NaN,NaN,NaN,NaN,NaN,NaN,NaN,NaN,NaN,NaN,NaN,NaN,NaN,NaN,NaN,NaN,NaN,NaN,NaN,NaN,NaN,NaN,NaN,NaN,NaN,NaN,NaN,NaN,NaN,NaN,NaN,NaN,NaN,NaN,NaN,NaN
629.34,,188.64,177.85,508.13,832.34,NaN,NaN,NaN,NaN,NaN,NaN,NaN,NaN,NaN,NaN,NaN,NaN,NaN,NaN,NaN,NaN,NaN,NaN,NaN,NaN,NaN,NaN,NaN,NaN,NaN,NaN,NaN,NaN,NaN,NaN,NaN,NaN,NaN,NaN,NaN,NaN,NaN,NaN,NaN,NaN,NaN,NaN,NaN,NaN,NaN,NaN,NaN,NaN,NaN,NaN
621.51,,506.91,869.3,NaN,NaN,NaN,NaN,NaN,NaN,NaN,NaN,NaN,NaN,NaN,NaN,NaN,NaN,NaN,NaN,NaN,NaN,NaN,NaN,NaN,NaN,NaN,NaN,NaN,NaN,NaN,NaN,NaN,NaN,NaN,NaN,NaN,NaN,NaN,NaN,NaN,NaN,NaN,NaN,NaN,NaN,NaN,NaN,NaN,NaN,NaN,NaN,NaN,NaN,NaN,NaN
550.88,,507.07,892,111.76,684.59,NaN,NaN,NaN,NaN,NaN,NaN,NaN,NaN,NaN,NaN,NaN,NaN,NaN,NaN,NaN,NaN,NaN,NaN,NaN,NaN,NaN,NaN,NaN,NaN,NaN,NaN,NaN,NaN,NaN,NaN,NaN,NaN,NaN,NaN,NaN,NaN,NaN,NaN,NaN,NaN,NaN,NaN,NaN,NaN,NaN,NaN,NaN,NaN,NaN,NaN
526.87,,507.26,897.48,114.88,694.07,497.38,554.39,NaN,NaN,NaN,NaN,NaN,NaN,NaN,NaN,NaN,NaN,NaN,NaN,NaN,NaN,NaN,NaN,NaN,NaN,NaN,NaN,NaN,NaN,NaN,NaN,NaN,NaN,NaN,NaN,NaN,NaN,NaN,NaN,NaN,NaN,NaN,NaN,NaN,NaN,NaN,NaN,NaN,NaN,NaN,NaN,NaN,NaN,NaN,NaN
520.5,,507.31,885.78,118.16,701.4,9.037,754.29,NaN,NaN,NaN,NaN,NaN,NaN,NaN,NaN,NaN,NaN,NaN,NaN,NaN,NaN,NaN,NaN,NaN,NaN,NaN,NaN,NaN,NaN,NaN,NaN,NaN,NaN,NaN,NaN,NaN,NaN,NaN,NaN,NaN,NaN,NaN,NaN,NaN,NaN,NaN,NaN,NaN,NaN,NaN,NaN,NaN,NaN,NaN,NaN
520.79,,507.6,860.83,119.93,700.57,10.024,755.82,201.43,280.77,NaN,NaN,NaN,NaN,NaN,NaN,NaN,NaN,NaN,NaN,NaN,NaN,NaN,NaN,NaN,NaN,NaN,NaN,NaN,NaN,NaN,NaN,NaN,NaN,NaN,NaN,NaN,NaN,NaN,NaN,NaN,NaN,NaN,NaN,NaN,NaN,NaN,NaN,NaN,NaN,NaN,NaN,NaN,NaN,NaN,NaN
522.98,,508.47,824.04,121.73,703.27,11.195,758.23,188.64,274.4,110.57,1010.3,NaN,NaN,NaN,NaN,NaN,NaN,NaN,NaN,NaN,NaN,NaN,NaN,NaN,NaN,NaN,NaN,NaN,NaN,NaN,NaN,NaN,NaN,NaN,NaN,NaN,NaN,NaN,NaN,NaN,NaN,NaN,NaN,NaN,NaN,NaN,NaN,NaN,NaN,NaN,NaN,NaN,NaN,NaN,NaN
522.75,,508.94,781.41,123.54,705.97,12.404,761.56,184.82,272.5,110.04,1018.8,NaN,NaN,NaN,NaN,NaN,NaN,NaN,NaN,NaN,NaN,NaN,NaN,NaN,NaN,NaN,NaN,NaN,NaN,NaN,NaN,NaN,NaN,NaN,NaN,NaN,NaN,NaN,NaN,NaN,NaN,NaN,NaN,NaN,NaN,NaN,NaN,NaN,NaN,NaN,NaN,NaN,NaN,NaN,NaN
521.91,,510.7,735.23,125.24,699.85,13.72,765.25,181,270.59,109.08,1029,45.7,463.65,NaN,NaN,NaN,NaN,NaN,NaN,NaN,NaN,NaN,NaN,NaN,NaN,NaN,NaN,NaN,NaN,NaN,NaN,NaN,NaN,NaN,NaN,NaN,NaN,NaN,NaN,NaN,NaN,NaN,NaN,NaN,NaN,NaN,NaN,NaN,NaN,NaN,NaN,NaN,NaN,NaN,NaN
507.56,,510.27,695.93,125.73,699.27,14.407,767.36,177.18,268.69,108.19,1037.2,43.622,462.39,85.417,517.01,NaN,NaN,NaN,NaN,NaN,NaN,NaN,NaN,NaN,NaN,NaN,NaN,NaN,NaN,NaN,NaN,NaN,NaN,NaN,NaN,NaN,NaN,NaN,NaN,NaN,NaN,NaN,NaN,NaN,NaN,NaN,NaN,NaN,NaN,NaN,NaN,NaN,NaN,NaN,NaN
499.94,,508.7,666.04,126.73,699.38,15.232,769.96,107.99,1042.4,42.722,461.67,81.762,519.84,NaN,NaN,NaN,NaN,NaN,NaN,NaN,NaN,NaN,NaN,NaN,NaN,NaN,NaN,NaN,NaN,NaN,NaN,NaN,NaN,NaN,NaN,NaN,NaN,NaN,NaN,NaN,NaN,NaN,NaN,NaN,NaN,NaN,NaN,NaN,NaN,NaN,NaN,NaN,NaN,NaN,NaN
492.33,,507.78,650.99,127.97,699.53,15.672,772.81,107.05,1051.8,41.204,460.32,80.936,520.21,121.64,609.73,NaN,NaN,NaN,NaN,NaN,NaN,NaN,NaN,NaN,NaN,NaN,NaN,NaN,NaN,NaN,NaN,NaN,NaN,NaN,NaN,NaN,NaN,NaN,NaN,NaN,NaN,NaN,NaN,NaN,NaN,NaN,NaN,NaN,NaN,NaN,NaN,NaN,NaN,NaN,NaN
484.72,,507.47,648.71,40.892,731.68,12.233,787.51,106.61,1059.7,40.967,457.32,81.807,520.17,191.62,1907.5,176.22,97.956,188.45,14.229,NaN,NaN,NaN,NaN,NaN,NaN,NaN,NaN,NaN,NaN,NaN,NaN,NaN,NaN,NaN,NaN,NaN,NaN,NaN,NaN,NaN,NaN,NaN,NaN,NaN,NaN,NaN,NaN,NaN,NaN,NaN,NaN,NaN,NaN,NaN,NaN
477.11,,509.87,657.67,16.712,741.05,14.65,781.6,105.89,1066.2,40.108,454.03,82.296,519.97,191.18,1907.4,176.59,96.071,188.34,14.54,51.603,1303.9,NaN,NaN,NaN,NaN,NaN,NaN,NaN,NaN,NaN,NaN,NaN,NaN,NaN,NaN,NaN,NaN,NaN,NaN,NaN,NaN,NaN,NaN,NaN,NaN,NaN,NaN,NaN,NaN,NaN,NaN,NaN,NaN,NaN,NaN
584.76,,511.17,681.95,-7.4671,750.41,12.004,792.22,105.7,1070.5,39.755,449.72,81.618,520.85,191.11,1907.3,176.76,95.172,188.22,14.851,51.793,1306.6,NaN,NaN,NaN,NaN,NaN,NaN,NaN,NaN,NaN,NaN,NaN,NaN,NaN,NaN,NaN,NaN,NaN,NaN,NaN,NaN,NaN,NaN,NaN,NaN,NaN,NaN,NaN,NaN,NaN,NaN,NaN,NaN,NaN,NaN
589.69,,511.91,717.23,-31.647,759.78,10.953,798.18,103.45,1081.1,42.031,447.09,80.941,521.73,191.29,1906.3,176.94,94.274,52.047,1307.6,NaN,NaN,NaN,NaN,NaN,NaN,NaN,NaN,NaN,NaN,NaN,NaN,NaN,NaN,NaN,NaN,NaN,NaN,NaN,NaN,NaN,NaN,NaN,NaN,NaN,NaN,NaN,NaN,NaN,NaN,NaN,NaN,NaN,NaN,NaN,NaN
590.01,,510.43,759.87,-55.826,769.15,10.177,803.61,102.31,1086.6,42.59,445.64,72.995,504.04,190.24,1905,177.12,93.375,52.166,1308.5,NaN,NaN,NaN,NaN,NaN,NaN,NaN,NaN,NaN,NaN,NaN,NaN,NaN,NaN,NaN,NaN,NaN,NaN,NaN,NaN,NaN,NaN,NaN,NaN,NaN,NaN,NaN,NaN,NaN,NaN,NaN,NaN,NaN,NaN,NaN,NaN
584.46,,508.74,802,-80.006,778.51,9.4018,809.04,101.92,1088.2,44.673,444.76,74.024,501.36,187.88,1904.3,52.193,1308.7,NaN,NaN,NaN,NaN,NaN,NaN,NaN,NaN,NaN,NaN,NaN,NaN,NaN,NaN,NaN,NaN,NaN,NaN,NaN,NaN,NaN,NaN,NaN,NaN,NaN,NaN,NaN,NaN,NaN,NaN,NaN,NaN,NaN,NaN,NaN,NaN,NaN,NaN
587.43,,508.12,838.39,-104.19,787.88,8.6262,814.47,100.85,1093.2,46.525,443.65,76.864,500.35,185.87,1903.5,52.069,1308.9,5.1547,1740.3,NaN,NaN,NaN,NaN,NaN,NaN,NaN,NaN,NaN,NaN,NaN,NaN,NaN,NaN,NaN,NaN,NaN,NaN,NaN,NaN,NaN,NaN,NaN,NaN,NaN,NaN,NaN,NaN,NaN,NaN,NaN,NaN,NaN,NaN,NaN,NaN
531.47,,507.76,866.72,-128.36,797.24,7.8507,819.9,98.232,1106.5,44.842,440.92,79.829,499.32,185.55,1903.2,52.092,1309.4,5.0735,1740.1,9.3226,92.627,5.7168,1802.8,623.39,6.1732,NaN,NaN,NaN,NaN,NaN,NaN,NaN,NaN,NaN,NaN,NaN,NaN,NaN,NaN,NaN,NaN,NaN,NaN,NaN,NaN,NaN,NaN,NaN,NaN,NaN,NaN,NaN,NaN,NaN,NaN
517.47,,507.45,882.3,-152.54,806.61,7.0751,825.34,109.24,1072.4,45.939,437.49,84.142,502.35,186.32,1903.1,52.116,1310,5.0967,1740,10.595,90.724,5.7168,1802.8,623.39,6.1732,77.39,1167.8,NaN,NaN,NaN,NaN,NaN,NaN,NaN,NaN,NaN,NaN,NaN,NaN,NaN,NaN,NaN,NaN,NaN,NaN,NaN,NaN,NaN,NaN,NaN,NaN,NaN,NaN,NaN,NaN
583.67,,507.69,883.3,-176.72,815.98,132.41,690.03,108.62,1077.9,45.93,435.27,86.093,502.35,187.92,1903.2,52.139,1310.5,5.1426,1739.9,11.215,88.951,5.7168,1802.8,623.39,6.1732,63.768,56.911,NaN,NaN,NaN,NaN,NaN,NaN,NaN,NaN,NaN,NaN,NaN,NaN,NaN,NaN,NaN,NaN,NaN,NaN,NaN,NaN,NaN,NaN,NaN,NaN,NaN,NaN,NaN,NaN
594.2,,507.83,871.69,NaN,NaN,140.89,689.33,107.02,1085.9,46.295,432.89,88.417,499.99,190.31,1902.7,55.755,1307,5.2236,1739.6,11.298,87.129,623.39,6.1732,64.34,55.428,NaN,NaN,NaN,NaN,NaN,NaN,NaN,NaN,NaN,NaN,NaN,NaN,NaN,NaN,NaN,NaN,NaN,NaN,NaN,NaN,NaN,NaN,NaN,NaN,NaN,NaN,NaN,NaN,NaN,NaN
596.02,,508.14,847.78,NaN,NaN,142.97,691.78,104.67,1097.7,46.66,430.5,90.781,498.16,191.27,1902.4,56.858,1304.4,5.5953,1738,11.338,85.044,623.39,6.1732,64.603,54.366,NaN,NaN,NaN,NaN,NaN,NaN,NaN,NaN,NaN,NaN,NaN,NaN,NaN,NaN,NaN,NaN,NaN,NaN,NaN,NaN,NaN,NaN,NaN,NaN,NaN,NaN,NaN,NaN,NaN,NaN
596.44,,508.54,815.32,82.832,654.58,142.36,688.62,104.23,1102.4,47.024,428.12,93.647,496.32,192.24,1902,57.553,1304.5,5.7359,1737.4,11.36,82.83,623.39,6.1732,64.638,52.474,NaN,NaN,NaN,NaN,NaN,NaN,NaN,NaN,NaN,NaN,NaN,NaN,NaN,NaN,NaN,NaN,NaN,NaN,NaN,NaN,NaN,NaN,NaN,NaN,NaN,NaN,NaN,NaN,NaN,NaN
592.57,,509.04,778.16,87.855,651.72,142.16,687.73,103.79,1107.1,74.456,597.82,91.863,498.37,193.2,1901.7,58.402,1305,5.8764,1736.7,11.281,81.629,64.691,51.603,6.664,1610.8,NaN,NaN,NaN,NaN,NaN,NaN,NaN,NaN,NaN,NaN,NaN,NaN,NaN,NaN,NaN,NaN,NaN,NaN,NaN,NaN,NaN,NaN,NaN,NaN,NaN,NaN,NaN,NaN,NaN,NaN
591.46,,510.33,739.78,89.137,651.43,142.68,687.76,103.35,1111.8,76.5,612.45,92.091,496.6,194.17,1901.4,53.652,1333.4,6.0169,1736.1,11.289,80.142,64.71,51.158,7.2126,1609.8,12.338,805.38,38.964,1406.7,NaN,NaN,NaN,NaN,NaN,NaN,NaN,NaN,NaN,NaN,NaN,NaN,NaN,NaN,NaN,NaN,NaN,NaN,NaN,NaN,NaN,NaN,NaN,NaN,NaN,NaN
590.84,,510.15,706.86,89.532,651.74,143.5,687.83,102.91,1116.4,78.658,614.51,93.247,496.22,195.13,1901,52.603,1342.8,6.1575,1735.5,11.296,78.309,64.703,50.474,7.6903,1609.6,13.028,804.06,38.884,730.95,NaN,NaN,NaN,NaN,NaN,NaN,NaN,NaN,NaN,NaN,NaN,NaN,NaN,NaN,NaN,NaN,NaN,NaN,NaN,NaN,NaN,NaN,NaN,NaN,NaN,NaN
591.77,,508.05,684.07,89.947,651.85,144.5,687.57,102.47,1121.1,80.816,613.01,92.781,501.03,196.1,1900.7,51.553,1352.1,6.298,1734.8,11.111,76.246,64.72,50.389,8.0954,1610.1,13.564,804.04,38.826,732.48,NaN,NaN,NaN,NaN,NaN,NaN,NaN,NaN,NaN,NaN,NaN,NaN,NaN,NaN,NaN,NaN,NaN,NaN,NaN,NaN,NaN,NaN,NaN,NaN,NaN,NaN
591.12,,509.16,671.94,90.45,651.85,145.78,686.89,102.03,1125.8,81.5,610.73,92.551,502.69,197.06,1900.4,50.503,1361.5,6.4386,1734.2,11.045,75.696,64.719,50.427,8.6149,1610.1,13.953,804.91,39.351,732.74,46.123,420.56,NaN,NaN,NaN,NaN,NaN,NaN,NaN,NaN,NaN,NaN,NaN,NaN,NaN,NaN,NaN,NaN,NaN,NaN,NaN,NaN,NaN,NaN,NaN,NaN
590.08,,508.25,672.37,90.809,651.94,147.41,686.21,111.1,806.44,81.79,609.34,57.131,439.91,198.03,1900,49.454,1370.9,6.5791,1733.5,10.331,74.31,65.53,48,9.0808,1610,22.923,784.65,68.271,695.17,NaN,NaN,NaN,NaN,NaN,NaN,NaN,NaN,NaN,NaN,NaN,NaN,NaN,NaN,NaN,NaN,NaN,NaN,NaN,NaN,NaN,NaN,NaN,NaN,NaN,NaN
589.77,,508.03,683.12,91.157,651.96,149.04,686.42,112.09,792.58,82.073,608.53,45.192,417.7,198.99,1899.7,48.404,1380.3,NaN,NaN,9.8588,73.039,65.321,45.863,9.2878,1610.2,25.768,778.81,78.146,682.96,NaN,NaN,NaN,NaN,NaN,NaN,NaN,NaN,NaN,NaN,NaN,NaN,NaN,NaN,NaN,NaN,NaN,NaN,NaN,NaN,NaN,NaN,NaN,NaN,NaN,NaN
592.04,,507.98,705.2,91.594,651.86,150.5,685.81,110.5,788.95,81.585,608.22,42.692,410.82,199.96,1899.4,47.355,1389.7,NaN,NaN,9.2586,71.077,64.807,43.797,9.5917,1610.3,26.567,778.24,80.486,680.65,NaN,NaN,NaN,NaN,NaN,NaN,NaN,NaN,NaN,NaN,NaN,NaN,NaN,NaN,NaN,NaN,NaN,NaN,NaN,NaN,NaN,NaN,NaN,NaN,NaN,NaN
593.14,,509.47,736.33,92.551,652.07,151.98,686.48,109.1,789.48,84.106,613.75,41.804,409.05,200.92,1899,46.305,1399.1,NaN,NaN,8.6357,68.991,64.721,42.168,10.055,1610,27.369,778.6,80.435,680.95,NaN,NaN,NaN,NaN,NaN,NaN,NaN,NaN,NaN,NaN,NaN,NaN,NaN,NaN,NaN,NaN,NaN,NaN,NaN,NaN,NaN,NaN,NaN,NaN,NaN,NaN
593.54,,509.73,770.94,93.405,651.9,152.68,686.81,108.49,790.68,84.876,615.49,42.025,409.77,201.89,1898.7,45.255,1408.5,NaN,NaN,8.4634,68.426,64.634,40.538,10.52,1610.2,27.711,780.14,80.067,682.17,NaN,NaN,NaN,NaN,NaN,NaN,NaN,NaN,NaN,NaN,NaN,NaN,NaN,NaN,NaN,NaN,NaN,NaN,NaN,NaN,NaN,NaN,NaN,NaN,NaN,NaN
592.52,,509.26,806.38,94.259,651.73,154.08,686.76,105.23,790.45,84.423,615.76,42.39,409.78,197.73,1908.8,44.206,1417.9,7.7933,1749.7,8.0795,67.085,64.548,38.909,10.87,1611.4,29.159,780.2,79.91,683.26,NaN,NaN,NaN,NaN,NaN,NaN,NaN,NaN,NaN,NaN,NaN,NaN,NaN,NaN,NaN,NaN,NaN,NaN,NaN,NaN,NaN,NaN,NaN,NaN,NaN,NaN
591.79,,508.3,836.8,95.113,651.56,155.2,685.87,103.78,790.36,86.588,616.01,18.455,406.14,199.13,1908.7,43.156,1427.2,7.8702,1750.3,7.6957,65.744,180.27,62.532,11.441,1612.2,30.53,779.29,80.057,684.05,NaN,NaN,NaN,NaN,NaN,NaN,NaN,NaN,NaN,NaN,NaN,NaN,NaN,NaN,NaN,NaN,NaN,NaN,NaN,NaN,NaN,NaN,NaN,NaN,NaN,NaN
592.09,,507.91,859.09,95.967,651.39,156.61,685.53,98.938,786.85,87.703,617.29,8.7893,402.3,200.11,1908.5,6.7876,1808.5,7.8969,1750.8,164.75,105.33,190.88,63.111,11.964,1613.1,31.9,778.39,80.286,684.72,70.151,413.2,NaN,NaN,NaN,NaN,NaN,NaN,NaN,NaN,NaN,NaN,NaN,NaN,NaN,NaN,NaN,NaN,NaN,NaN,NaN,NaN,NaN,NaN,NaN,NaN
592.55,,507.71,870.22,96.821,651.22,157.66,685.13,97.076,786.42,88.819,618.57,8.8477,399.93,200.46,1908.7,5.7216,1821.9,8.1576,1750.6,183.17,109.22,192.44,65.454,12.539,1613.4,33.27,777.48,80.27,685.04,NaN,NaN,NaN,NaN,NaN,NaN,NaN,NaN,NaN,NaN,NaN,NaN,NaN,NaN,NaN,NaN,NaN,NaN,NaN,NaN,NaN,NaN,NaN,NaN,NaN,NaN
593.18,,507.74,869.95,97.674,651.05,159.25,683.74,96.415,786.58,89.934,619.85,10.662,398.08,200.36,1909,6.0033,1822,8.1601,1751,186.43,109.87,191.26,65.925,12.884,1614.9,30.639,783.97,80.585,685,NaN,NaN,NaN,NaN,NaN,NaN,NaN,NaN,NaN,NaN,NaN,NaN,NaN,NaN,NaN,NaN,NaN,NaN,NaN,NaN,NaN,NaN,NaN,NaN,NaN,NaN
591.92,,507.95,857.82,98.313,648.78,160.25,682.29,94.638,784.75,108.43,628.26,12.108,397.21,199.41,1910.2,6.5493,1819,8.5271,1750.7,184.78,109.45,189.71,66.695,13.223,1615.7,31.329,783.3,80.945,685.2,11.761,50.444,NaN,NaN,NaN,NaN,NaN,NaN,NaN,NaN,NaN,NaN,NaN,NaN,NaN,NaN,NaN,NaN,NaN,NaN,NaN,NaN,NaN,NaN,NaN,NaN
591.12,,508.54,836.06,99.134,648.29,160.98,681.21,92.861,782.92,107.62,635.77,14.801,397.21,198.8,1910.9,7.1242,1816.6,8.811,1750.3,182.94,108.48,188.48,66.794,13.333,1616.6,32.371,782.65,81.662,685.22,12.336,49.103,92.849,584.29,NaN,NaN,NaN,NaN,NaN,NaN,NaN,NaN,NaN,NaN,NaN,NaN,NaN,NaN,NaN,NaN,NaN,NaN,NaN,NaN,NaN,NaN
591.09,,508.85,808.19,99.955,647.81,161.51,679.99,91.083,781.09,107.46,637.54,17.322,397.26,198.52,1911.2,7.3683,1814.7,8.8907,1750.2,181.24,107.67,187.54,65.934,13.425,1617.2,32.872,782.22,82.739,684.66,13.542,47.623,92.217,583.27,NaN,NaN,NaN,NaN,NaN,NaN,NaN,NaN,NaN,NaN,NaN,NaN,NaN,NaN,NaN,NaN,NaN,NaN,NaN,NaN,NaN,NaN
591.08,,509.21,777,154.52,621.46,162.54,680.13,89.306,779.27,107.82,638.45,17.526,396.65,198.47,1911.4,7.1771,1813.8,8.9834,1750.4,186.56,108.58,186.95,65.452,13.629,1617.3,33.47,783.52,83.961,684.65,14.099,46.381,91.719,582.4,127.42,489.19,NaN,NaN,NaN,NaN,NaN,NaN,NaN,NaN,NaN,NaN,NaN,NaN,NaN,NaN,NaN,NaN,NaN,NaN,NaN,NaN
590.92,,510.48,746.32,161.35,618.2,162.99,679.49,87.528,777.44,108.49,638.04,17.64,395.78,198.58,1911.5,6.9362,1816.5,8.9125,1750.8,191.88,109.49,186.51,65.155,13.636,1617.6,33.941,785.03,85.045,684.66,14.723,45.338,91.591,581.83,127.72,488.58,64.704,19.755,NaN,NaN,NaN,NaN,NaN,NaN,NaN,NaN,NaN,NaN,NaN,NaN,NaN,NaN,NaN,NaN,NaN,NaN
591.12,,508.51,720.95,163.22,617.48,163.16,678.2,55.18,743.7,108.05,636.69,17.891,395.61,198.86,1911.3,6.6953,1819.2,8.7753,1752.9,197.2,110.41,186.28,65.047,13.62,1618,24.355,808.9,86.967,683.84,15.482,43.953,92.065,583.62,128.3,487.82,65.267,19.531,NaN,NaN,NaN,NaN,NaN,NaN,NaN,NaN,NaN,NaN,NaN,NaN,NaN,NaN,NaN,NaN,NaN,NaN
591.06,,507.89,702.48,163.04,617.84,163.63,677.98,53.13,741.53,107.9,636.07,18.089,395.64,198.96,1911.3,6.4544,1822,8.6949,1753.7,180.51,106.5,186.16,65.013,13.744,1618.5,21.249,817.14,87.783,683.52,16.066,43.121,92.171,584.09,128.69,487.43,67.118,18.847,NaN,NaN,NaN,NaN,NaN,NaN,NaN,NaN,NaN,NaN,NaN,NaN,NaN,NaN,NaN,NaN,NaN,NaN
591.01,,506.52,694.53,168.59,615.28,164.01,676.98,54.203,741.14,107.77,635.74,17.977,395.67,196.99,1912.7,6.2135,1824.7,8.6995,1753.9,180.62,106.11,186.1,65.006,14.012,1619,20.513,820.61,88.043,683.24,16.524,42.508,92.82,584.64,129.38,487.72,67.873,18.573,NaN,NaN,NaN,NaN,NaN,NaN,NaN,NaN,NaN,NaN,NaN,NaN,NaN,NaN,NaN,NaN,NaN,NaN
590.95,,506.39,695.46,174.14,612.72,164.04,676.54,58.685,747.87,106.55,635.97,17.94,395.71,196.39,1913.5,5.9726,1827.4,8.685,1754.5,182.8,99.038,186.17,64.973,14.289,1619.6,20.879,821.46,88.88,682.93,17.402,41.835,92.289,581.68,129.26,490.39,68.628,18.299,NaN,NaN,NaN,NaN,NaN,NaN,NaN,NaN,NaN,NaN,NaN,NaN,NaN,NaN,NaN,NaN,NaN,NaN
590.9,,506.8,705.71,179.7,610.15,164.36,676.25,62.098,751.16,104.42,644.93,17.915,395.75,187.05,1915.5,5.7318,1830.2,8.6706,1755.1,183.89,102.08,186.24,64.939,14.776,1619.6,21.554,821.57,89.717,682.62,17.986,41.361,91.994,579.86,129.53,491.15,69.382,18.026,NaN,NaN,NaN,NaN,NaN,NaN,NaN,NaN,NaN,NaN,NaN,NaN,NaN,NaN,NaN,NaN,NaN,NaN
590.84,,507.84,725.59,185.25,607.59,165.45,676.21,63.262,752.25,103.53,647.97,17.9,395.78,183.93,1916.3,5.4909,1832.9,8.6562,1755.7,184.99,102.45,186.31,64.906,14.892,1620.3,21.987,821.07,90.554,682.31,18.608,40.887,91.877,578.76,129.8,491.91,NaN,NaN,NaN,NaN,NaN,NaN,NaN,NaN,NaN,NaN,NaN,NaN,NaN,NaN,NaN,NaN,NaN,NaN,NaN,NaN
590.79,,509.57,750.23,190.81,605.03,165.32,673.5,64.221,753.31,102.65,651.01,17.891,395.79,180.54,1917.2,5.25,1835.6,8.6417,1756.3,185.9,103.05,186.37,64.872,16.993,1617.5,22.984,819.88,91.391,682,18.969,40.334,91.76,577.67,130.06,492.67,NaN,NaN,NaN,NaN,NaN,NaN,NaN,NaN,NaN,NaN,NaN,NaN,NaN,NaN,NaN,NaN,NaN,NaN,NaN,NaN
590.73,,509.32,780.52,196.36,602.46,165.67,672.35,65.181,754.38,101.76,654.06,18.334,395.7,177.15,1918.2,5.0091,1838.3,8.6273,1756.9,186.32,102.99,186.44,64.838,15.083,1622.9,23.123,820.25,92.228,681.69,19.183,39.968,91.643,576.57,130.33,493.43,NaN,NaN,NaN,NaN,NaN,NaN,NaN,NaN,NaN,NaN,NaN,NaN,NaN,NaN,NaN,NaN,NaN,NaN,NaN,NaN
590.68,,508.98,810.01,201.92,599.9,166.02,671.2,66.14,755.44,100.87,657.1,20.047,394.17,173.76,1919.2,4.7682,1841.1,8.6129,1757.5,186.51,103.15,186.51,64.805,14.428,1625.3,23.167,820.33,93.065,681.38,19.672,39.55,91.526,575.47,130.59,494.19,NaN,NaN,NaN,NaN,NaN,NaN,NaN,NaN,NaN,NaN,NaN,NaN,NaN,NaN,NaN,NaN,NaN,NaN,NaN,NaN
590.62,,508.28,835.32,207.47,597.34,166.36,670.05,67.099,756.5,99.976,660.14,20.605,393.67,170.37,1920.2,4.5273,1843.8,8.5984,1758.1,186.53,103.29,186.58,64.771,15.177,1622.7,23.228,820.21,93.902,681.07,19.961,39.365,91.409,574.38,130.86,494.95,NaN,NaN,NaN,NaN,NaN,NaN,NaN,NaN,NaN,NaN,NaN,NaN,NaN,NaN,NaN,NaN,NaN,NaN,NaN,NaN
590.57,,507.75,853.05,213.03,594.77,166.71,668.9,68.059,757.56,99.086,663.18,22.499,393.38,166.98,1921.1,4.2864,1846.5,8.584,1758.7,186.49,103.36,186.64,64.737,14.77,1625,26.338,811.99,94.739,680.76,20.039,39.112,91.292,573.28,131.12,495.71,NaN,NaN,NaN,NaN,NaN,NaN,NaN,NaN,NaN,NaN,NaN,NaN,NaN,NaN,NaN,NaN,NaN,NaN,NaN,NaN
590.51,,507.5,862.12,218.58,592.21,167.05,667.76,69.018,758.62,98.196,666.23,28.204,395.89,163.59,1922.1,4.0455,1849.3,8.5696,1759.3,186.34,104.81,186.71,64.704,14.894,1625.5,27.728,808.55,95.576,680.45,20.202,38.754,91.175,572.18,NaN,NaN,NaN,NaN,NaN,NaN,NaN,NaN,NaN,NaN,NaN,NaN,NaN,NaN,NaN,NaN,NaN,NaN,NaN,NaN,NaN,NaN
590.46,,507.52,860.93,224.13,589.65,167.4,666.61,69.977,759.68,97.306,669.27,30.809,396.43,160.2,1923.1,87.243,1295.4,8.5551,1759.9,186.25,105.29,186.78,64.67,14.916,1625.8,28.738,805.81,96.413,680.14,20.334,37.629,91.057,571.09,NaN,NaN,NaN,NaN,NaN,NaN,NaN,NaN,NaN,NaN,NaN,NaN,NaN,NaN,NaN,NaN,NaN,NaN,NaN,NaN,NaN,NaN
590.4,,508.35,848.52,229.69,587.08,167.75,665.46,70.936,760.74,96.417,672.31,33.414,396.96,156.82,1924,98.884,1243.2,57.514,1417.6,186.24,105.41,186.85,64.637,15.013,1625.7,28.938,805.21,97.25,679.83,20.672,37.073,90.94,569.99,NaN,NaN,NaN,NaN,NaN,NaN,NaN,NaN,NaN,NaN,NaN,NaN,NaN,NaN,NaN,NaN,NaN,NaN,NaN,NaN,NaN,NaN
590.35,,508.63,830.08,235.24,584.52,168.09,664.31,71.896,761.8,95.527,675.35,36.019,397.5,153.43,1925,101.78,1232.4,59.076,1408.2,186.2,105.46,186.92,64.603,15.044,1626.1,28.979,805.01,98.087,679.52,20.931,35.894,90.823,568.89,NaN,NaN,NaN,NaN,NaN,NaN,NaN,NaN,NaN,NaN,NaN,NaN,NaN,NaN,NaN,NaN,NaN,NaN,NaN,NaN,NaN,NaN
590.29,,508.34,805.41,240.8,581.96,168.44,663.16,72.855,762.86,94.637,678.4,38.625,398.04,150.04,1926,101.41,1235.8,59.046,1409.1,186.18,105.45,186.98,64.569,15.074,1626.5,29.746,803.33,98.924,679.21,20.952,34.787,NaN,NaN,NaN,NaN,NaN,NaN,NaN,NaN,NaN,NaN,NaN,NaN,NaN,NaN,NaN,NaN,NaN,NaN,NaN,NaN,NaN,NaN,NaN,NaN
590.24,,509.07,777.94,246.35,579.39,168.79,662.01,73.814,763.92,93.747,681.44,41.23,398.57,146.65,1927,100.94,1239.4,58.422,1413.1,186.17,105.42,187.05,64.536,15.104,1626.9,30.376,801.8,99.761,678.9,21.508,33.892,NaN,NaN,NaN,NaN,NaN,NaN,NaN,NaN,NaN,NaN,NaN,NaN,NaN,NaN,NaN,NaN,NaN,NaN,NaN,NaN,NaN,NaN,NaN,NaN
590.18,,508.58,751.88,251.91,576.83,169.13,660.86,74.774,764.98,92.858,684.48,43.835,399.11,143.26,1927.9,100.54,1241.9,58.064,1415.5,186.17,105.4,187.12,64.502,15.134,1627.2,31.006,800.28,100.6,678.59,21.678,33.669,NaN,NaN,NaN,NaN,NaN,NaN,NaN,NaN,NaN,NaN,NaN,NaN,NaN,NaN,NaN,NaN,NaN,NaN,NaN,NaN,NaN,NaN,NaN,NaN
590.13,,508.37,730.11,257.46,574.27,169.48,659.71,75.733,766.04,91.968,687.52,46.44,399.65,139.87,1928.9,108.94,1210.7,56.62,1421.9,186.3,105.51,187.19,64.469,15.165,1627.6,31.636,798.75,83.476,1310.1,22.853,32.74,NaN,NaN,NaN,NaN,NaN,NaN,NaN,NaN,NaN,NaN,NaN,NaN,NaN,NaN,NaN,NaN,NaN,NaN,NaN,NaN,NaN,NaN,NaN,NaN
590.07,,506.74,715.19,263.02,571.7,169.83,658.56,76.692,767.1,91.078,690.57,49.046,400.18,136.48,1929.9,102.53,1224.7,56.954,1420.4,186.59,106.21,187.25,64.435,15.195,1628,32.267,797.23,82.873,1360.4,22.993,32.182,NaN,NaN,NaN,NaN,NaN,NaN,NaN,NaN,NaN,NaN,NaN,NaN,NaN,NaN,NaN,NaN,NaN,NaN,NaN,NaN,NaN,NaN,NaN,NaN
590.02,,505.93,709.76,268.57,569.14,170.17,657.41,77.651,768.16,90.188,693.61,51.651,400.72,133.09,1930.8,102.92,1219.4,57.066,1419.1,186.72,106.5,187.32,64.401,15.225,1628.4,32.897,795.7,82.269,1410.8,23.415,31.492,NaN,NaN,NaN,NaN,NaN,NaN,NaN,NaN,NaN,NaN,NaN,NaN,NaN,NaN,NaN,NaN,NaN,NaN,NaN,NaN,NaN,NaN,NaN,NaN
711.99,,274.13,566.58,170.52,656.26,78.611,769.22,89.298,696.65,54.256,401.26,129.7,1931.8,103.3,1214,57.179,1417.9,186.85,106.79,187.39,64.368,15.256,1628.8,33.527,794.18,81.666,1461.2,23.838,30.801,NaN,NaN,NaN,NaN,NaN,NaN,NaN,NaN,NaN,NaN,NaN,NaN,NaN,NaN,NaN,NaN,NaN,NaN,NaN,NaN,NaN,NaN,NaN,NaN,NaN,NaN
722.61,,170.87,655.11,79.57,770.28,88.409,699.69,56.861,401.8,126.31,1932.8,103.69,1208.7,57.292,1416.6,186.97,107.08,187.46,64.334,15.286,1629.2,34.157,792.65,81.062,1511.5,24.261,30.111,NaN,NaN,NaN,NaN,NaN,NaN,NaN,NaN,NaN,NaN,NaN,NaN,NaN,NaN,NaN,NaN,NaN,NaN,NaN,NaN,NaN,NaN,NaN,NaN,NaN,NaN,NaN,NaN
740.68,,171.21,653.96,80.529,771.34,87.519,702.73,59.467,402.33,122.93,1933.8,104.07,1203.3,57.404,1415.3,187.1,107.37,15.316,1629.6,34.787,791.13,80.459,1561.9,24.683,29.421,NaN,NaN,NaN,NaN,NaN,NaN,NaN,NaN,NaN,NaN,NaN,NaN,NaN,NaN,NaN,NaN,NaN,NaN,NaN,NaN,NaN,NaN,NaN,NaN,NaN,NaN,NaN,NaN,NaN,NaN
764.33,,171.56,652.81,81.489,772.4,86.629,705.78,62.072,402.87,119.54,1934.7,104.46,1198,57.517,1414.1,187.22,107.66,15.346,1630,35.417,789.6,79.855,1612.3,25.106,28.73,NaN,NaN,NaN,NaN,NaN,NaN,NaN,NaN,NaN,NaN,NaN,NaN,NaN,NaN,NaN,NaN,NaN,NaN,NaN,NaN,NaN,NaN,NaN,NaN,NaN,NaN,NaN,NaN,NaN,NaN
790.39,,171.91,651.66,82.448,773.46,64.677,403.41,116.15,1935.7,104.84,1192.6,57.63,1412.8,187.35,107.95,15.377,1630.4,36.047,788.07,79.252,1662.6,25.529,28.04,NaN,NaN,NaN,NaN,NaN,NaN,NaN,NaN,NaN,NaN,NaN,NaN,NaN,NaN,NaN,NaN,NaN,NaN,NaN,NaN,NaN,NaN,NaN,NaN,NaN,NaN,NaN,NaN,NaN,NaN,NaN,NaN
815.11,,172.25,650.52,67.282,403.94,105.23,1187.3,57.742,1411.6,187.48,108.24,15.407,1630.7,36.677,786.55,78.648,1713,25.952,27.35,NaN,NaN,NaN,NaN,NaN,NaN,NaN,NaN,NaN,NaN,NaN,NaN,NaN,NaN,NaN,NaN,NaN,NaN,NaN,NaN,NaN,NaN,NaN,NaN,NaN,NaN,NaN,NaN,NaN,NaN,NaN,NaN,NaN,NaN,NaN,NaN
836.07,,69.888,404.48,105.62,1181.9,57.855,1410.3,187.6,108.52,15.437,1631.1,37.307,785.02,78.045,1763.4,26.374,26.659,NaN,NaN,NaN,NaN,NaN,NaN,NaN,NaN,NaN,NaN,NaN,NaN,NaN,NaN,NaN,NaN,NaN,NaN,NaN,NaN,NaN,NaN,NaN,NaN,NaN,NaN,NaN,NaN,NaN,NaN,NaN,NaN,NaN,NaN,NaN,NaN,NaN,NaN
851.08,,72.493,405.02,106,1176.6,57.968,1409,187.73,108.81,15.468,1631.5,37.938,783.5,77.442,1813.7,26.797,25.969,NaN,NaN,NaN,NaN,NaN,NaN,NaN,NaN,NaN,NaN,NaN,NaN,NaN,NaN,NaN,NaN,NaN,NaN,NaN,NaN,NaN,NaN,NaN,NaN,NaN,NaN,NaN,NaN,NaN,NaN,NaN,NaN,NaN,NaN,NaN,NaN,NaN,NaN
857.09,,75.098,405.55,106.39,1171.2,58.081,1407.8,187.85,109.1,15.498,1631.9,38.568,781.97,76.838,1864.1,27.22,25.279,NaN,NaN,NaN,NaN,NaN,NaN,NaN,NaN,NaN,NaN,NaN,NaN,NaN,NaN,NaN,NaN,NaN,NaN,NaN,NaN,NaN,NaN,NaN,NaN,NaN,NaN,NaN,NaN,NaN,NaN,NaN,NaN,NaN,NaN,NaN,NaN,NaN,NaN
854.96,,77.703,406.09,106.77,1165.9,58.193,1406.5,187.98,109.39,15.528,1632.3,39.198,780.45,76.235,1914.4,27.642,24.588,NaN,NaN,NaN,NaN,NaN,NaN,NaN,NaN,NaN,NaN,NaN,NaN,NaN,NaN,NaN,NaN,NaN,NaN,NaN,NaN,NaN,NaN,NaN,NaN,NaN,NaN,NaN,NaN,NaN,NaN,NaN,NaN,NaN,NaN,NaN,NaN,NaN,NaN
842.81,,80.309,406.63,107.16,1160.5,58.306,1405.3,188.11,109.68,15.558,1632.7,39.828,778.92,75.631,1964.8,28.065,23.898,NaN,NaN,NaN,NaN,NaN,NaN,NaN,NaN,NaN,NaN,NaN,NaN,NaN,NaN,NaN,NaN,NaN,NaN,NaN,NaN,NaN,NaN,NaN,NaN,NaN,NaN,NaN,NaN,NaN,NaN,NaN,NaN,NaN,NaN,NaN,NaN,NaN,NaN
825.55,,107.55,1155.1,58.419,1404,188.23,109.97,15.589,1633.1,40.458,777.4,75.028,2015.2,28.488,23.208,NaN,NaN,NaN,NaN,NaN,NaN,NaN,NaN,NaN,NaN,NaN,NaN,NaN,NaN,NaN,NaN,NaN,NaN,NaN,NaN,NaN,NaN,NaN,NaN,NaN,NaN,NaN,NaN,NaN,NaN,NaN,NaN,NaN,NaN,NaN,NaN,NaN,NaN,NaN,NaN
803.82,,107.93,1149.8,58.531,1402.7,188.36,110.26,15.619,1633.5,41.088,775.87,74.424,2065.5,28.911,22.517,NaN,NaN,NaN,NaN,NaN,NaN,NaN,NaN,NaN,NaN,NaN,NaN,NaN,NaN,NaN,NaN,NaN,NaN,NaN,NaN,NaN,NaN,NaN,NaN,NaN,NaN,NaN,NaN,NaN,NaN,NaN,NaN,NaN,NaN,NaN,NaN,NaN,NaN,NaN,NaN
779.58,,108.32,1144.4,58.644,1401.5,188.48,110.55,41.718,774.35,73.821,2115.9,29.333,21.827,NaN,NaN,NaN,NaN,NaN,NaN,NaN,NaN,NaN,NaN,NaN,NaN,NaN,NaN,NaN,NaN,NaN,NaN,NaN,NaN,NaN,NaN,NaN,NaN,NaN,NaN,NaN,NaN,NaN,NaN,NaN,NaN,NaN,NaN,NaN,NaN,NaN,NaN,NaN,NaN,NaN,NaN
757.1,,108.7,1139.1,58.757,1400.2,188.61,110.83,42.348,772.82,73.217,2166.3,29.756,21.137,NaN,NaN,NaN,NaN,NaN,NaN,NaN,NaN,NaN,NaN,NaN,NaN,NaN,NaN,NaN,NaN,NaN,NaN,NaN,NaN,NaN,NaN,NaN,NaN,NaN,NaN,NaN,NaN,NaN,NaN,NaN,NaN,NaN,NaN,NaN,NaN,NaN,NaN,NaN,NaN,NaN,NaN
739.51,,109.09,1133.7,58.869,1399,188.73,111.12,72.614,2216.6,30.179,20.446,NaN,NaN,NaN,NaN,NaN,NaN,NaN,NaN,NaN,NaN,NaN,NaN,NaN,NaN,NaN,NaN,NaN,NaN,NaN,NaN,NaN,NaN,NaN,NaN,NaN,NaN,NaN,NaN,NaN,NaN,NaN,NaN,NaN,NaN,NaN,NaN,NaN,NaN,NaN,NaN,NaN,NaN,NaN,NaN
728.18,,109.47,1128.4,58.982,1397.7,188.86,111.41,72.01,2267,30.601,19.756,NaN,NaN,NaN,NaN,NaN,NaN,NaN,NaN,NaN,NaN,NaN,NaN,NaN,NaN,NaN,NaN,NaN,NaN,NaN,NaN,NaN,NaN,NaN,NaN,NaN,NaN,NaN,NaN,NaN,NaN,NaN,NaN,NaN,NaN,NaN,NaN,NaN,NaN,NaN,NaN,NaN,NaN,NaN,NaN
724.16,,109.86,1123,59.095,1396.4,188.99,111.7,71.407,2317.4,31.024,19.066,NaN,NaN,NaN,NaN,NaN,NaN,NaN,NaN,NaN,NaN,NaN,NaN,NaN,NaN,NaN,NaN,NaN,NaN,NaN,NaN,NaN,NaN,NaN,NaN,NaN,NaN,NaN,NaN,NaN,NaN,NaN,NaN,NaN,NaN,NaN,NaN,NaN,NaN,NaN,NaN,NaN,NaN,NaN,NaN
727.12,,110.25,1117.7,59.208,1395.2,189.11,111.99,31.447,18.375,NaN,NaN,NaN,NaN,NaN,NaN,NaN,NaN,NaN,NaN,NaN,NaN,NaN,NaN,NaN,NaN,NaN,NaN,NaN,NaN,NaN,NaN,NaN,NaN,NaN,NaN,NaN,NaN,NaN,NaN,NaN,NaN,NaN,NaN,NaN,NaN,NaN,NaN,NaN,NaN,NaN,NaN,NaN,NaN,NaN,NaN
736.99,,NaN,NaN,NaN,NaN,NaN,NaN,NaN,NaN,NaN,NaN,NaN,NaN,NaN,NaN,NaN,NaN,NaN,NaN,NaN,NaN,NaN,NaN,NaN,NaN,NaN,NaN,NaN,NaN,NaN,NaN,NaN,NaN,NaN,NaN,NaN,NaN,NaN,NaN,NaN,NaN,NaN,NaN,NaN,NaN,NaN,NaN,NaN,NaN,NaN,NaN,NaN,NaN,NaN,NaN
753.21,,NaN,NaN,NaN,NaN,NaN,NaN,NaN,NaN,NaN,NaN,NaN,NaN,NaN,NaN,NaN,NaN,NaN,NaN,NaN,NaN,NaN,NaN,NaN,NaN,NaN,NaN,NaN,NaN,NaN,NaN,NaN,NaN,NaN,NaN,NaN,NaN,NaN,NaN,NaN,NaN,NaN,NaN,NaN,NaN,NaN,NaN,NaN,NaN,NaN,NaN,NaN,NaN,NaN,NaN
774.11,,NaN,NaN,NaN,NaN,NaN,NaN,NaN,NaN,NaN,NaN,NaN,NaN,NaN,NaN,NaN,NaN,NaN,NaN,NaN,NaN,NaN,NaN,NaN,NaN,NaN,NaN,NaN,NaN,NaN,NaN,NaN,NaN,NaN,NaN,NaN,NaN,NaN,NaN,NaN,NaN,NaN,NaN,NaN,NaN,NaN,NaN,NaN,NaN,NaN,NaN,NaN,NaN,NaN,NaN
796.77,,NaN,NaN,NaN,NaN,NaN,NaN,NaN,NaN,NaN,NaN,NaN,NaN,NaN,NaN,NaN,NaN,NaN,NaN,NaN,NaN,NaN,NaN,NaN,NaN,NaN,NaN,NaN,NaN,NaN,NaN,NaN,NaN,NaN,NaN,NaN,NaN,NaN,NaN,NaN,NaN,NaN,NaN,NaN,NaN,NaN,NaN,NaN,NaN,NaN,NaN,NaN,NaN,NaN,NaN
818.08,,NaN,NaN,NaN,NaN,NaN,NaN,NaN,NaN,NaN,NaN,NaN,NaN,NaN,NaN,NaN,NaN,NaN,NaN,NaN,NaN,NaN,NaN,NaN,NaN,NaN,NaN,NaN,NaN,NaN,NaN,NaN,NaN,NaN,NaN,NaN,NaN,NaN,NaN,NaN,NaN,NaN,NaN,NaN,NaN,NaN,NaN,NaN,NaN,NaN,NaN,NaN,NaN,NaN,NaN
834.52,,NaN,NaN,NaN,NaN,NaN,NaN,NaN,NaN,NaN,NaN,NaN,NaN,NaN,NaN,NaN,NaN,NaN,NaN,NaN,NaN,NaN,NaN,NaN,NaN,NaN,NaN,NaN,NaN,NaN,NaN,NaN,NaN,NaN,NaN,NaN,NaN,NaN,NaN,NaN,NaN,NaN,NaN,NaN,NaN,NaN,NaN,NaN,NaN,NaN,NaN,NaN,NaN,NaN,NaN
846.78,,NaN,NaN,NaN,NaN,NaN,NaN,NaN,NaN,NaN,NaN,NaN,NaN,NaN,NaN,NaN,NaN,NaN,NaN,NaN,NaN,NaN,NaN,NaN,NaN,NaN,NaN,NaN,NaN,NaN,NaN,NaN,NaN,NaN,NaN,NaN,NaN,NaN,NaN,NaN,NaN,NaN,NaN,NaN,NaN,NaN,NaN,NaN,NaN,NaN,NaN,NaN,NaN,NaN,NaN
852.31,,NaN,NaN,NaN,NaN,NaN,NaN,NaN,NaN,NaN,NaN,NaN,NaN,NaN,NaN,NaN,NaN,NaN,NaN,NaN,NaN,NaN,NaN,NaN,NaN,NaN,NaN,NaN,NaN,NaN,NaN,NaN,NaN,NaN,NaN,NaN,NaN,NaN,NaN,NaN,NaN,NaN,NaN,NaN,NaN,NaN,NaN,NaN,NaN,NaN,NaN,NaN,NaN,NaN,NaN
846.4,,NaN,NaN,NaN,NaN,NaN,NaN,NaN,NaN,NaN,NaN,NaN,NaN,NaN,NaN,NaN,NaN,NaN,NaN,NaN,NaN,NaN,NaN,NaN,NaN,NaN,NaN,NaN,NaN,NaN,NaN,NaN,NaN,NaN,NaN,NaN,NaN,NaN,NaN,NaN,NaN,NaN,NaN,NaN,NaN,NaN,NaN,NaN,NaN,NaN,NaN,NaN,NaN,NaN,NaN
835.61,,NaN,NaN,NaN,NaN,NaN,NaN,NaN,NaN,NaN,NaN,NaN,NaN,NaN,NaN,NaN,NaN,NaN,NaN,NaN,NaN,NaN,NaN,NaN,NaN,NaN,NaN,NaN,NaN,NaN,NaN,NaN,NaN,NaN,NaN,NaN,NaN,NaN,NaN,NaN,NaN,NaN,NaN,NaN,NaN,NaN,NaN,NaN,NaN,NaN,NaN,NaN,NaN,NaN,NaN
820.71,,NaN,NaN,NaN,NaN,NaN,NaN,NaN,NaN,NaN,NaN,NaN,NaN,NaN,NaN,NaN,NaN,NaN,NaN,NaN,NaN,NaN,NaN,NaN,NaN,NaN,NaN,NaN,NaN,NaN,NaN,NaN,NaN,NaN,NaN,NaN,NaN,NaN,NaN,NaN,NaN,NaN,NaN,NaN,NaN,NaN,NaN,NaN,NaN,NaN,NaN,NaN,NaN,NaN,NaN
802.08,,NaN,NaN,NaN,NaN,NaN,NaN,NaN,NaN,NaN,NaN,NaN,NaN,NaN,NaN,NaN,NaN,NaN,NaN,NaN,NaN,NaN,NaN,NaN,NaN,NaN,NaN,NaN,NaN,NaN,NaN,NaN,NaN,NaN,NaN,NaN,NaN,NaN,NaN,NaN,NaN,NaN,NaN,NaN,NaN,NaN,NaN,NaN,NaN,NaN,NaN,NaN,NaN,NaN,NaN
781.61,,NaN,NaN,NaN,NaN,NaN,NaN,NaN,NaN,NaN,NaN,NaN,NaN,NaN,NaN,NaN,NaN,NaN,NaN,NaN,NaN,NaN,NaN,NaN,NaN,NaN,NaN,NaN,NaN,NaN,NaN,NaN,NaN,NaN,NaN,NaN,NaN,NaN,NaN,NaN,NaN,NaN,NaN,NaN,NaN,NaN,NaN,NaN,NaN,NaN,NaN,NaN,NaN,NaN,NaN
762.38,,NaN,NaN,NaN,NaN,NaN,NaN,NaN,NaN,NaN,NaN,NaN,NaN,NaN,NaN,NaN,NaN,NaN,NaN,NaN,NaN,NaN,NaN,NaN,NaN,NaN,NaN,NaN,NaN,NaN,NaN,NaN,NaN,NaN,NaN,NaN,NaN,NaN,NaN,NaN,NaN,NaN,NaN,NaN,NaN,NaN,NaN,NaN,NaN,NaN,NaN,NaN,NaN,NaN,NaN
747.25,,NaN,NaN,NaN,NaN,NaN,NaN,NaN,NaN,NaN,NaN,NaN,NaN,NaN,NaN,NaN,NaN,NaN,NaN,NaN,NaN,NaN,NaN,NaN,NaN,NaN,NaN,NaN,NaN,NaN,NaN,NaN,NaN,NaN,NaN,NaN,NaN,NaN,NaN,NaN,NaN,NaN,NaN,NaN,NaN,NaN,NaN,NaN,NaN,NaN,NaN,NaN,NaN,NaN,NaN
738.7,,NaN,NaN,NaN,NaN,NaN,NaN,NaN,NaN,NaN,NaN,NaN,NaN,NaN,NaN,NaN,NaN,NaN,NaN,NaN,NaN,NaN,NaN,NaN,NaN,NaN,NaN,NaN,NaN,NaN,NaN,NaN,NaN,NaN,NaN,NaN,NaN,NaN,NaN,NaN,NaN,NaN,NaN,NaN,NaN,NaN,NaN,NaN,NaN,NaN,NaN,NaN,NaN,NaN,NaN
736.41,,NaN,NaN,NaN,NaN,NaN,NaN,NaN,NaN,NaN,NaN,NaN,NaN,NaN,NaN,NaN,NaN,NaN,NaN,NaN,NaN,NaN,NaN,NaN,NaN,NaN,NaN,NaN,NaN,NaN,NaN,NaN,NaN,NaN,NaN,NaN,NaN,NaN,NaN,NaN,NaN,NaN,NaN,NaN,NaN,NaN,NaN,NaN,NaN,NaN,NaN,NaN,NaN,NaN,NaN
739.99,,NaN,NaN,NaN,NaN,NaN,NaN,NaN,NaN,NaN,NaN,NaN,NaN,NaN,NaN,NaN,NaN,NaN,NaN,NaN,NaN,NaN,NaN,NaN,NaN,NaN,NaN,NaN,NaN,NaN,NaN,NaN,NaN,NaN,NaN,NaN,NaN,NaN,NaN,NaN,NaN,NaN,NaN,NaN,NaN,NaN,NaN,NaN,NaN,NaN,NaN,NaN,NaN,NaN,NaN
750.16,,NaN,NaN,NaN,NaN,NaN,NaN,NaN,NaN,NaN,NaN,NaN,NaN,NaN,NaN,NaN,NaN,NaN,NaN,NaN,NaN,NaN,NaN,NaN,NaN,NaN,NaN,NaN,NaN,NaN,NaN,NaN,NaN,NaN,NaN,NaN,NaN,NaN,NaN,NaN,NaN,NaN,NaN,NaN,NaN,NaN,NaN,NaN,NaN,NaN,NaN,NaN,NaN,NaN,NaN
765.39,,NaN,NaN,NaN,NaN,NaN,NaN,NaN,NaN,NaN,NaN,NaN,NaN,NaN,NaN,NaN,NaN,NaN,NaN,NaN,NaN,NaN,NaN,NaN,NaN,NaN,NaN,NaN,NaN,NaN,NaN,NaN,NaN,NaN,NaN,NaN,NaN,NaN,NaN,NaN,NaN,NaN,NaN,NaN,NaN,NaN,NaN,NaN,NaN,NaN,NaN,NaN,NaN,NaN,NaN
783.28,,NaN,NaN,NaN,NaN,NaN,NaN,NaN,NaN,NaN,NaN,NaN,NaN,NaN,NaN,NaN,NaN,NaN,NaN,NaN,NaN,NaN,NaN,NaN,NaN,NaN,NaN,NaN,NaN,NaN,NaN,NaN,NaN,NaN,NaN,NaN,NaN,NaN,NaN,NaN,NaN,NaN,NaN,NaN,NaN,NaN,NaN,NaN,NaN,NaN,NaN,NaN,NaN,NaN,NaN
803.24,,NaN,NaN,NaN,NaN,NaN,NaN,NaN,NaN,NaN,NaN,NaN,NaN,NaN,NaN,NaN,NaN,NaN,NaN,NaN,NaN,NaN,NaN,NaN,NaN,NaN,NaN,NaN,NaN,NaN,NaN,NaN,NaN,NaN,NaN,NaN,NaN,NaN,NaN,NaN,NaN,NaN,NaN,NaN,NaN,NaN,NaN,NaN,NaN,NaN,NaN,NaN,NaN,NaN,NaN
820.63,,NaN,NaN,NaN,NaN,NaN,NaN,NaN,NaN,NaN,NaN,NaN,NaN,NaN,NaN,NaN,NaN,NaN,NaN,NaN,NaN,NaN,NaN,NaN,NaN,NaN,NaN,NaN,NaN,NaN,NaN,NaN,NaN,NaN,NaN,NaN,NaN,NaN,NaN,NaN,NaN,NaN,NaN,NaN,NaN,NaN,NaN,NaN,NaN,NaN,NaN,NaN,NaN,NaN,NaN
833.95,,NaN,NaN,NaN,NaN,NaN,NaN,NaN,NaN,NaN,NaN,NaN,NaN,NaN,NaN,NaN,NaN,NaN,NaN,NaN,NaN,NaN,NaN,NaN,NaN,NaN,NaN,NaN,NaN,NaN,NaN,NaN,NaN,NaN,NaN,NaN,NaN,NaN,NaN,NaN,NaN,NaN,NaN,NaN,NaN,NaN,NaN,NaN,NaN,NaN,NaN,NaN,NaN,NaN,NaN
843.02,,NaN,NaN,NaN,NaN,NaN,NaN,NaN,NaN,NaN,NaN,NaN,NaN,NaN,NaN,NaN,NaN,NaN,NaN,NaN,NaN,NaN,NaN,NaN,NaN,NaN,NaN,NaN,NaN,NaN,NaN,NaN,NaN,NaN,NaN,NaN,NaN,NaN,NaN,NaN,NaN,NaN,NaN,NaN,NaN,NaN,NaN,NaN,NaN,NaN,NaN,NaN,NaN,NaN,NaN
844.06,,NaN,NaN,NaN,NaN,NaN,NaN,NaN,NaN,NaN,NaN,NaN,NaN,NaN,NaN,NaN,NaN,NaN,NaN,NaN,NaN,NaN,NaN,NaN,NaN,NaN,NaN,NaN,NaN,NaN,NaN,NaN,NaN,NaN,NaN,NaN,NaN,NaN,NaN,NaN,NaN,NaN,NaN,NaN,NaN,NaN,NaN,NaN,NaN,NaN,NaN,NaN,NaN,NaN,NaN
840.47,,NaN,NaN,NaN,NaN,NaN,NaN,NaN,NaN,NaN,NaN,NaN,NaN,NaN,NaN,NaN,NaN,NaN,NaN,NaN,NaN,NaN,NaN,NaN,NaN,NaN,NaN,NaN,NaN,NaN,NaN,NaN,NaN,NaN,NaN,NaN,NaN,NaN,NaN,NaN,NaN,NaN,NaN,NaN,NaN,NaN,NaN,NaN,NaN,NaN,NaN,NaN,NaN,NaN,NaN
831.5,,NaN,NaN,NaN,NaN,NaN,NaN,NaN,NaN,NaN,NaN,NaN,NaN,NaN,NaN,NaN,NaN,NaN,NaN,NaN,NaN,NaN,NaN,NaN,NaN,NaN,NaN,NaN,NaN,NaN,NaN,NaN,NaN,NaN,NaN,NaN,NaN,NaN,NaN,NaN,NaN,NaN,NaN,NaN,NaN,NaN,NaN,NaN,NaN,NaN,NaN,NaN,NaN,NaN,NaN
818.1,,NaN,NaN,NaN,NaN,NaN,NaN,NaN,NaN,NaN,NaN,NaN,NaN,NaN,NaN,NaN,NaN,NaN,NaN,NaN,NaN,NaN,NaN,NaN,NaN,NaN,NaN,NaN,NaN,NaN,NaN,NaN,NaN,NaN,NaN,NaN,NaN,NaN,NaN,NaN,NaN,NaN,NaN,NaN,NaN,NaN,NaN,NaN,NaN,NaN,NaN,NaN,NaN,NaN,NaN
801.49,,NaN,NaN,NaN,NaN,NaN,NaN,NaN,NaN,NaN,NaN,NaN,NaN,NaN,NaN,NaN,NaN,NaN,NaN,NaN,NaN,NaN,NaN,NaN,NaN,NaN,NaN,NaN,NaN,NaN,NaN,NaN,NaN,NaN,NaN,NaN,NaN,NaN,NaN,NaN,NaN,NaN,NaN,NaN,NaN,NaN,NaN,NaN,NaN,NaN,NaN,NaN,NaN,NaN,NaN
784.1,,NaN,NaN,NaN,NaN,NaN,NaN,NaN,NaN,NaN,NaN,NaN,NaN,NaN,NaN,NaN,NaN,NaN,NaN,NaN,NaN,NaN,NaN,NaN,NaN,NaN,NaN,NaN,NaN,NaN,NaN,NaN,NaN,NaN,NaN,NaN,NaN,NaN,NaN,NaN,NaN,NaN,NaN,NaN,NaN,NaN,NaN,NaN,NaN,NaN,NaN,NaN,NaN,NaN,NaN
769.22,,NaN,NaN,NaN,NaN,NaN,NaN,NaN,NaN,NaN,NaN,NaN,NaN,NaN,NaN,NaN,NaN,NaN,NaN,NaN,NaN,NaN,NaN,NaN,NaN,NaN,NaN,NaN,NaN,NaN,NaN,NaN,NaN,NaN,NaN,NaN,NaN,NaN,NaN,NaN,NaN,NaN,NaN,NaN,NaN,NaN,NaN,NaN,NaN,NaN,NaN,NaN,NaN,NaN,NaN
756.97,,NaN,NaN,NaN,NaN,NaN,NaN,NaN,NaN,NaN,NaN,NaN,NaN,NaN,NaN,NaN,NaN,NaN,NaN,NaN,NaN,NaN,NaN,NaN,NaN,NaN,NaN,NaN,NaN,NaN,NaN,NaN,NaN,NaN,NaN,NaN,NaN,NaN,NaN,NaN,NaN,NaN,NaN,NaN,NaN,NaN,NaN,NaN,NaN,NaN,NaN,NaN,NaN,NaN,NaN
749.74,,NaN,NaN,NaN,NaN,NaN,NaN,NaN,NaN,NaN,NaN,NaN,NaN,NaN,NaN,NaN,NaN,NaN,NaN,NaN,NaN,NaN,NaN,NaN,NaN,NaN,NaN,NaN,NaN,NaN,NaN,NaN,NaN,NaN,NaN,NaN,NaN,NaN,NaN,NaN,NaN,NaN,NaN,NaN,NaN,NaN,NaN,NaN,NaN,NaN,NaN,NaN,NaN,NaN,NaN
748.37,,NaN,NaN,NaN,NaN,NaN,NaN,NaN,NaN,NaN,NaN,NaN,NaN,NaN,NaN,NaN,NaN,NaN,NaN,NaN,NaN,NaN,NaN,NaN,NaN,NaN,NaN,NaN,NaN,NaN,NaN,NaN,NaN,NaN,NaN,NaN,NaN,NaN,NaN,NaN,NaN,NaN,NaN,NaN,NaN,NaN,NaN,NaN,NaN,NaN,NaN,NaN,NaN,NaN,NaN
752.21,,NaN,NaN,NaN,NaN,NaN,NaN,NaN,NaN,NaN,NaN,NaN,NaN,NaN,NaN,NaN,NaN,NaN,NaN,NaN,NaN,NaN,NaN,NaN,NaN,NaN,NaN,NaN,NaN,NaN,NaN,NaN,NaN,NaN,NaN,NaN,NaN,NaN,NaN,NaN,NaN,NaN,NaN,NaN,NaN,NaN,NaN,NaN,NaN,NaN,NaN,NaN,NaN,NaN,NaN
761.81,,NaN,NaN,NaN,NaN,NaN,NaN,NaN,NaN,NaN,NaN,NaN,NaN,NaN,NaN,NaN,NaN,NaN,NaN,NaN,NaN,NaN,NaN,NaN,NaN,NaN,NaN,NaN,NaN,NaN,NaN,NaN,NaN,NaN,NaN,NaN,NaN,NaN,NaN,NaN,NaN,NaN,NaN,NaN,NaN,NaN,NaN,NaN,NaN,NaN,NaN,NaN,NaN,NaN,NaN
775.45,,NaN,NaN,NaN,NaN,NaN,NaN,NaN,NaN,NaN,NaN,NaN,NaN,NaN,NaN,NaN,NaN,NaN,NaN,NaN,NaN,NaN,NaN,NaN,NaN,NaN,NaN,NaN,NaN,NaN,NaN,NaN,NaN,NaN,NaN,NaN,NaN,NaN,NaN,NaN,NaN,NaN,NaN,NaN,NaN,NaN,NaN,NaN,NaN,NaN,NaN,NaN,NaN,NaN,NaN
791.55,,NaN,NaN,NaN,NaN,NaN,NaN,NaN,NaN,NaN,NaN,NaN,NaN,NaN,NaN,NaN,NaN,NaN,NaN,NaN,NaN,NaN,NaN,NaN,NaN,NaN,NaN,NaN,NaN,NaN,NaN,NaN,NaN,NaN,NaN,NaN,NaN,NaN,NaN,NaN,NaN,NaN,NaN,NaN,NaN,NaN,NaN,NaN,NaN,NaN,NaN,NaN,NaN,NaN,NaN
808.2,,NaN,NaN,NaN,NaN,NaN,NaN,NaN,NaN,NaN,NaN,NaN,NaN,NaN,NaN,NaN,NaN,NaN,NaN,NaN,NaN,NaN,NaN,NaN,NaN,NaN,NaN,NaN,NaN,NaN,NaN,NaN,NaN,NaN,NaN,NaN,NaN,NaN,NaN,NaN,NaN,NaN,NaN,NaN,NaN,NaN,NaN,NaN,NaN,NaN,NaN,NaN,NaN,NaN,NaN
822.72,,24.751,22.764,NaN,NaN,NaN,NaN,NaN,NaN,NaN,NaN,NaN,NaN,NaN,NaN,NaN,NaN,NaN,NaN,NaN,NaN,NaN,NaN,NaN,NaN,NaN,NaN,NaN,NaN,NaN,NaN,NaN,NaN,NaN,NaN,NaN,NaN,NaN,NaN,NaN,NaN,NaN,NaN,NaN,NaN,NaN,NaN,NaN,NaN,NaN,NaN,NaN,NaN,NaN,NaN
833.23,,24.633,22.462,NaN,NaN,NaN,NaN,NaN,NaN,NaN,NaN,NaN,NaN,NaN,NaN,NaN,NaN,NaN,NaN,NaN,NaN,NaN,NaN,NaN,NaN,NaN,NaN,NaN,NaN,NaN,NaN,NaN,NaN,NaN,NaN,NaN,NaN,NaN,NaN,NaN,NaN,NaN,NaN,NaN,NaN,NaN,NaN,NaN,NaN,NaN,NaN,NaN,NaN,NaN,NaN
839.36,,24.847,22.251,NaN,NaN,NaN,NaN,NaN,NaN,NaN,NaN,NaN,NaN,NaN,NaN,NaN,NaN,NaN,NaN,NaN,NaN,NaN,NaN,NaN,NaN,NaN,NaN,NaN,NaN,NaN,NaN,NaN,NaN,NaN,NaN,NaN,NaN,NaN,NaN,NaN,NaN,NaN,NaN,NaN,NaN,NaN,NaN,NaN,NaN,NaN,NaN,NaN,NaN,NaN,NaN
840.44,,24.895,22.207,NaN,NaN,NaN,NaN,NaN,NaN,NaN,NaN,NaN,NaN,NaN,NaN,NaN,NaN,NaN,NaN,NaN,NaN,NaN,NaN,NaN,NaN,NaN,NaN,NaN,NaN,NaN,NaN,NaN,NaN,NaN,NaN,NaN,NaN,NaN,NaN,NaN,NaN,NaN,NaN,NaN,NaN,NaN,NaN,NaN,NaN,NaN,NaN,NaN,NaN,NaN,NaN
836.25,,24.983,22.232,61.467,374.45,NaN,NaN,NaN,NaN,NaN,NaN,NaN,NaN,NaN,NaN,NaN,NaN,NaN,NaN,NaN,NaN,NaN,NaN,NaN,NaN,NaN,NaN,NaN,NaN,NaN,NaN,NaN,NaN,NaN,NaN,NaN,NaN,NaN,NaN,NaN,NaN,NaN,NaN,NaN,NaN,NaN,NaN,NaN,NaN,NaN,NaN,NaN,NaN,NaN,NaN
828,,25.623,22.201,61.821,374.59,NaN,NaN,NaN,NaN,NaN,NaN,NaN,NaN,NaN,NaN,NaN,NaN,NaN,NaN,NaN,NaN,NaN,NaN,NaN,NaN,NaN,NaN,NaN,NaN,NaN,NaN,NaN,NaN,NaN,NaN,NaN,NaN,NaN,NaN,NaN,NaN,NaN,NaN,NaN,NaN,NaN,NaN,NaN,NaN,NaN,NaN,NaN,NaN,NaN,NaN
816.45,,25.821,22.413,60.775,374.69,NaN,NaN,NaN,NaN,NaN,NaN,NaN,NaN,NaN,NaN,NaN,NaN,NaN,NaN,NaN,NaN,NaN,NaN,NaN,NaN,NaN,NaN,NaN,NaN,NaN,NaN,NaN,NaN,NaN,NaN,NaN,NaN,NaN,NaN,NaN,NaN,NaN,NaN,NaN,NaN,NaN,NaN,NaN,NaN,NaN,NaN,NaN,NaN,NaN,NaN
801.82,,26.054,22.449,60.458,374.75,NaN,NaN,NaN,NaN,NaN,NaN,NaN,NaN,NaN,NaN,NaN,NaN,NaN,NaN,NaN,NaN,NaN,NaN,NaN,NaN,NaN,NaN,NaN,NaN,NaN,NaN,NaN,NaN,NaN,NaN,NaN,NaN,NaN,NaN,NaN,NaN,NaN,NaN,NaN,NaN,NaN,NaN,NaN,NaN,NaN,NaN,NaN,NaN,NaN,NaN
786.66,,26.287,22.485,99.556,381.32,NaN,NaN,NaN,NaN,NaN,NaN,NaN,NaN,NaN,NaN,NaN,NaN,NaN,NaN,NaN,NaN,NaN,NaN,NaN,NaN,NaN,NaN,NaN,NaN,NaN,NaN,NaN,NaN,NaN,NaN,NaN,NaN,NaN,NaN,NaN,NaN,NaN,NaN,NaN,NaN,NaN,NaN,NaN,NaN,NaN,NaN,NaN,NaN,NaN,NaN
770.07,,26.52,22.521,104.75,382.74,NaN,NaN,NaN,NaN,NaN,NaN,NaN,NaN,NaN,NaN,NaN,NaN,NaN,NaN,NaN,NaN,NaN,NaN,NaN,NaN,NaN,NaN,NaN,NaN,NaN,NaN,NaN,NaN,NaN,NaN,NaN,NaN,NaN,NaN,NaN,NaN,NaN,NaN,NaN,NaN,NaN,NaN,NaN,NaN,NaN,NaN,NaN,NaN,NaN,NaN
767.44,,25.455,20.823,103.24,382.69,142.65,463.89,173.1,733.66,NaN,NaN,NaN,NaN,NaN,NaN,NaN,NaN,NaN,NaN,NaN,NaN,NaN,NaN,NaN,NaN,NaN,NaN,NaN,NaN,NaN,NaN,NaN,NaN,NaN,NaN,NaN,NaN,NaN,NaN,NaN,NaN,NaN,NaN,NaN,NaN,NaN,NaN,NaN,NaN,NaN,NaN,NaN,NaN,NaN,NaN
760.5,,25.316,20.501,100.04,382.68,NaN,NaN,NaN,NaN,NaN,NaN,NaN,NaN,NaN,NaN,NaN,NaN,NaN,NaN,NaN,NaN,NaN,NaN,NaN,NaN,NaN,NaN,NaN,NaN,NaN,NaN,NaN,NaN,NaN,NaN,NaN,NaN,NaN,NaN,NaN,NaN,NaN,NaN,NaN,NaN,NaN,NaN,NaN,NaN,NaN,NaN,NaN,NaN,NaN,NaN
758.72,,25.005,19.911,96.361,383.17,NaN,NaN,NaN,NaN,NaN,NaN,NaN,NaN,NaN,NaN,NaN,NaN,NaN,NaN,NaN,NaN,NaN,NaN,NaN,NaN,NaN,NaN,NaN,NaN,NaN,NaN,NaN,NaN,NaN,NaN,NaN,NaN,NaN,NaN,NaN,NaN,NaN,NaN,NaN,NaN,NaN,NaN,NaN,NaN,NaN,NaN,NaN,NaN,NaN,NaN
761.46,,24.9,19.707,91.611,383.73,NaN,NaN,NaN,NaN,NaN,NaN,NaN,NaN,NaN,NaN,NaN,NaN,NaN,NaN,NaN,NaN,NaN,NaN,NaN,NaN,NaN,NaN,NaN,NaN,NaN,NaN,NaN,NaN,NaN,NaN,NaN,NaN,NaN,NaN,NaN,NaN,NaN,NaN,NaN,NaN,NaN,NaN,NaN,NaN,NaN,NaN,NaN,NaN,NaN,NaN
766.25,,25.106,20.049,90.383,384.37,8.6215,68.783,68.589,373.12,NaN,NaN,NaN,NaN,NaN,NaN,NaN,NaN,NaN,NaN,NaN,NaN,NaN,NaN,NaN,NaN,NaN,NaN,NaN,NaN,NaN,NaN,NaN,NaN,NaN,NaN,NaN,NaN,NaN,NaN,NaN,NaN,NaN,NaN,NaN,NaN,NaN,NaN,NaN,NaN,NaN,NaN,NaN,NaN,NaN,NaN
772.7,,25.279,20.264,19.964,350.07,8.357,68.574,69.614,374.69,62.964,645.57,184.95,134.48,NaN,NaN,NaN,NaN,NaN,NaN,NaN,NaN,NaN,NaN,NaN,NaN,NaN,NaN,NaN,NaN,NaN,NaN,NaN,NaN,NaN,NaN,NaN,NaN,NaN,NaN,NaN,NaN,NaN,NaN,NaN,NaN,NaN,NaN,NaN,NaN,NaN,NaN,NaN,NaN,NaN,NaN
779.78,,25.322,20.26,36.459,359.86,8.2595,68.522,81.636,386.05,61.51,645.89,185,134.65,170.13,175.06,NaN,NaN,NaN,NaN,NaN,NaN,NaN,NaN,NaN,NaN,NaN,NaN,NaN,NaN,NaN,NaN,NaN,NaN,NaN,NaN,NaN,NaN,NaN,NaN,NaN,NaN,NaN,NaN,NaN,NaN,NaN,NaN,NaN,NaN,NaN,NaN,NaN,NaN,NaN,NaN
784.63,,25.365,20.256,42.185,363.36,8.162,68.47,86.296,388.47,59.903,646.22,185.04,134.81,29.502,742.8,NaN,NaN,NaN,NaN,NaN,NaN,NaN,NaN,NaN,NaN,NaN,NaN,NaN,NaN,NaN,NaN,NaN,NaN,NaN,NaN,NaN,NaN,NaN,NaN,NaN,NaN,NaN,NaN,NaN,NaN,NaN,NaN,NaN,NaN,NaN,NaN,NaN,NaN,NaN,NaN
789.66,,25.408,20.252,43.349,365.17,8.0645,68.418,91.19,392.31,58.707,646.94,30.173,736.32,104.67,834.21,NaN,NaN,NaN,NaN,NaN,NaN,NaN,NaN,NaN,NaN,NaN,NaN,NaN,NaN,NaN,NaN,NaN,NaN,NaN,NaN,NaN,NaN,NaN,NaN,NaN,NaN,NaN,NaN,NaN,NaN,NaN,NaN,NaN,NaN,NaN,NaN,NaN,NaN,NaN,NaN
822.06,,25.452,20.248,43.379,366.21,96.084,396.14,57.006,647.16,32.847,720.85,103.95,834.8,56.205,797.8,NaN,NaN,NaN,NaN,NaN,NaN,NaN,NaN,NaN,NaN,NaN,NaN,NaN,NaN,NaN,NaN,NaN,NaN,NaN,NaN,NaN,NaN,NaN,NaN,NaN,NaN,NaN,NaN,NaN,NaN,NaN,NaN,NaN,NaN,NaN,NaN,NaN,NaN,NaN,NaN
835.1,,25.495,20.244,43.123,367.39,93.929,550.03,55.298,647.23,32.772,716.81,93.7,825.16,56.481,797.84,5.2571,1733.3,25.912,754.91,493.45,759.4,NaN,NaN,NaN,NaN,NaN,NaN,NaN,NaN,NaN,NaN,NaN,NaN,NaN,NaN,NaN,NaN,NaN,NaN,NaN,NaN,NaN,NaN,NaN,NaN,NaN,NaN,NaN,NaN,NaN,NaN,NaN,NaN,NaN,NaN
818.35,,188.51,22.276,42.521,367.83,93.914,568.52,54.925,647.62,33.503,710.75,89.439,821.19,56.757,797.88,5.2571,1733.3,28.605,740.56,493.44,760.23,NaN,NaN,NaN,NaN,NaN,NaN,NaN,NaN,NaN,NaN,NaN,NaN,NaN,NaN,NaN,NaN,NaN,NaN,NaN,NaN,NaN,NaN,NaN,NaN,NaN,NaN,NaN,NaN,NaN,NaN,NaN,NaN,NaN,NaN
811.17,,197.05,23.652,44.099,368.85,96.079,602.26,54.994,647.72,33.81,715.92,87.998,819.67,5.2571,1733.3,27.126,749.41,493.43,761.06,NaN,NaN,NaN,NaN,NaN,NaN,NaN,NaN,NaN,NaN,NaN,NaN,NaN,NaN,NaN,NaN,NaN,NaN,NaN,NaN,NaN,NaN,NaN,NaN,NaN,NaN,NaN,NaN,NaN,NaN,NaN,NaN,NaN,NaN,NaN,NaN
806.67,,197.64,23.341,43.898,369.45,98.244,635.99,54.736,647.62,34.42,713.07,87.881,819.74,5.2571,1733.3,29.556,740.4,NaN,NaN,NaN,NaN,NaN,NaN,NaN,NaN,NaN,NaN,NaN,NaN,NaN,NaN,NaN,NaN,NaN,NaN,NaN,NaN,NaN,NaN,NaN,NaN,NaN,NaN,NaN,NaN,NaN,NaN,NaN,NaN,NaN,NaN,NaN,NaN,NaN,NaN
802.98,,195.87,22.816,43.181,369.35,100.41,669.73,55.105,647.53,35.029,710.23,89.871,820.6,5.2571,1733.3,30.476,737.6,NaN,NaN,NaN,NaN,NaN,NaN,NaN,NaN,NaN,NaN,NaN,NaN,NaN,NaN,NaN,NaN,NaN,NaN,NaN,NaN,NaN,NaN,NaN,NaN,NaN,NaN,NaN,NaN,NaN,NaN,NaN,NaN,NaN,NaN,NaN,NaN,NaN,NaN
795.31,,193.73,24.102,43.456,369.57,102.57,703.47,55.027,646.92,35.639,707.39,93.185,821.43,30.484,738.25,106.35,456.49,NaN,NaN,NaN,NaN,NaN,NaN,NaN,NaN,NaN,NaN,NaN,NaN,NaN,NaN,NaN,NaN,NaN,NaN,NaN,NaN,NaN,NaN,NaN,NaN,NaN,NaN,NaN,NaN,NaN,NaN,NaN,NaN,NaN,NaN,NaN,NaN,NaN,NaN
790.68,,192.29,24.814,42.981,369.63,104.74,737.21,55.994,647.04,36.249,704.55,92.278,821.29,30.454,739.49,108.01,454.8,NaN,NaN,NaN,NaN,NaN,NaN,NaN,NaN,NaN,NaN,NaN,NaN,NaN,NaN,NaN,NaN,NaN,NaN,NaN,NaN,NaN,NaN,NaN,NaN,NaN,NaN,NaN,NaN,NaN,NaN,NaN,NaN,NaN,NaN,NaN,NaN,NaN,NaN
785.17,,191.21,25.052,41.543,369.39,106.9,770.94,56.466,646.97,36.859,701.71,91.979,821.33,28.288,748.64,107.87,455.85,NaN,NaN,NaN,NaN,NaN,NaN,NaN,NaN,NaN,NaN,NaN,NaN,NaN,NaN,NaN,NaN,NaN,NaN,NaN,NaN,NaN,NaN,NaN,NaN,NaN,NaN,NaN,NaN,NaN,NaN,NaN,NaN,NaN,NaN,NaN,NaN,NaN,NaN
781.53,,190.61,24.814,40.955,369.28,109.07,804.68,56.71,646.67,7.1534,524.43,91.596,821.31,27.44,752.8,108.18,455.89,NaN,NaN,NaN,NaN,NaN,NaN,NaN,NaN,NaN,NaN,NaN,NaN,NaN,NaN,NaN,NaN,NaN,NaN,NaN,NaN,NaN,NaN,NaN,NaN,NaN,NaN,NaN,NaN,NaN,NaN,NaN,NaN,NaN,NaN,NaN,NaN,NaN,NaN
779.22,,190.06,25.315,41.261,369.61,54.954,859.2,56.985,646.51,2.6742,492.31,92.299,822.01,26.845,755.9,108.49,455.92,NaN,NaN,NaN,NaN,NaN,NaN,NaN,NaN,NaN,NaN,NaN,NaN,NaN,NaN,NaN,NaN,NaN,NaN,NaN,NaN,NaN,NaN,NaN,NaN,NaN,NaN,NaN,NaN,NaN,NaN,NaN,NaN,NaN,NaN,NaN,NaN,NaN,NaN
779.33,,189.6,25.957,41.82,369.84,49.335,895.81,68.779,663.65,-1.8051,460.18,92.439,822.17,26.25,758.99,108.8,455.96,NaN,NaN,NaN,NaN,NaN,NaN,NaN,NaN,NaN,NaN,NaN,NaN,NaN,NaN,NaN,NaN,NaN,NaN,NaN,NaN,NaN,NaN,NaN,NaN,NaN,NaN,NaN,NaN,NaN,NaN,NaN,NaN,NaN,NaN,NaN,NaN,NaN,NaN
784,,189.25,25.911,42.646,369.98,18.388,962.19,71.535,667.68,-6.2843,428.06,70.801,899.67,25.656,762.08,6.6218,1045.6,8.3947,1125.9,NaN,NaN,NaN,NaN,NaN,NaN,NaN,NaN,NaN,NaN,NaN,NaN,NaN,NaN,NaN,NaN,NaN,NaN,NaN,NaN,NaN,NaN,NaN,NaN,NaN,NaN,NaN,NaN,NaN,NaN,NaN,NaN,NaN,NaN,NaN,NaN
789.78,,188.88,25.734,44.668,370.8,5.1745,1007.7,74.841,672.22,99.457,461.58,68.121,911.35,91.664,732.32,6.9625,1042.6,8.5277,1126.4,NaN,NaN,NaN,NaN,NaN,NaN,NaN,NaN,NaN,NaN,NaN,NaN,NaN,NaN,NaN,NaN,NaN,NaN,NaN,NaN,NaN,NaN,NaN,NaN,NaN,NaN,NaN,NaN,NaN,NaN,NaN,NaN,NaN,NaN,NaN,NaN
796.78,,188.47,24.362,43.818,371.3,-8.0395,1053.3,76.427,671.46,109.44,458.84,69.625,914.39,97.056,730.74,8.7163,1020.7,8.567,1126.6,150.25,1135.8,NaN,NaN,NaN,NaN,NaN,NaN,NaN,NaN,NaN,NaN,NaN,NaN,NaN,NaN,NaN,NaN,NaN,NaN,NaN,NaN,NaN,NaN,NaN,NaN,NaN,NaN,NaN,NaN,NaN,NaN,NaN,NaN,NaN,NaN
806.06,,187.86,23.962,43.64,371.48,9.657,1057.6,78.959,671.35,114.72,457.07,34.245,922.39,97.715,730.69,12.845,988.07,8.5589,1127.3,153.69,1120.9,NaN,NaN,NaN,NaN,NaN,NaN,NaN,NaN,NaN,NaN,NaN,NaN,NaN,NaN,NaN,NaN,NaN,NaN,NaN,NaN,NaN,NaN,NaN,NaN,NaN,NaN,NaN,NaN,NaN,NaN,NaN,NaN,NaN,NaN
814.96,,187.54,23.794,43.768,371.82,4.0899,1092.9,92.893,668.61,127.3,447.86,24.783,921.42,96.792,731.1,14.731,971.42,8.3332,1131.9,155.07,1117.2,NaN,NaN,NaN,NaN,NaN,NaN,NaN,NaN,NaN,NaN,NaN,NaN,NaN,NaN,NaN,NaN,NaN,NaN,NaN,NaN,NaN,NaN,NaN,NaN,NaN,NaN,NaN,NaN,NaN,NaN,NaN,NaN,NaN,NaN
821.78,,187.08,21.9,43.896,372.16,-1.4771,1128.3,96.701,667.74,139.89,438.65,26.632,922.6,95.846,731.54,16.617,954.78,8.792,1127.5,155.43,1116.5,72.885,560.41,NaN,NaN,NaN,NaN,NaN,NaN,NaN,NaN,NaN,NaN,NaN,NaN,NaN,NaN,NaN,NaN,NaN,NaN,NaN,NaN,NaN,NaN,NaN,NaN,NaN,NaN,NaN,NaN,NaN,NaN,NaN,NaN
826,,186.83,21.383,44.024,372.5,-7.0441,1163.6,97.291,667.51,82.17,548.48,24.936,919.85,95.197,731.85,18.503,938.14,8.9484,1125.9,155.84,1114.3,NaN,NaN,NaN,NaN,NaN,NaN,NaN,NaN,NaN,NaN,NaN,NaN,NaN,NaN,NaN,NaN,NaN,NaN,NaN,NaN,NaN,NaN,NaN,NaN,NaN,NaN,NaN,NaN,NaN,NaN,NaN,NaN,NaN,NaN
828.55,,186.33,19.778,44.153,372.84,-12.611,1199,97.863,667.21,79.029,556.98,25.002,918.48,94.752,732.01,20.389,921.5,8.9819,1124.5,156.16,1115.9,NaN,NaN,NaN,NaN,NaN,NaN,NaN,NaN,NaN,NaN,NaN,NaN,NaN,NaN,NaN,NaN,NaN,NaN,NaN,NaN,NaN,NaN,NaN,NaN,NaN,NaN,NaN,NaN,NaN,NaN,NaN,NaN,NaN,NaN
828.34,,185.71,19.763,188.18,163.78,-18.178,1234.3,98.741,666.77,79.088,557.79,21.28,919.8,94.653,732.07,121.98,786.01,9.106,1124.3,156.95,1117.8,NaN,NaN,NaN,NaN,NaN,NaN,NaN,NaN,NaN,NaN,NaN,NaN,NaN,NaN,NaN,NaN,NaN,NaN,NaN,NaN,NaN,NaN,NaN,NaN,NaN,NaN,NaN,NaN,NaN,NaN,NaN,NaN,NaN,NaN
824.06,,185.35,19.135,196.55,150.41,-23.745,1269.7,100.5,666.15,80.007,556.37,17.557,921.12,94.289,732.16,142.65,746.98,9.1176,1123.5,157.45,1113.1,NaN,NaN,NaN,NaN,NaN,NaN,NaN,NaN,NaN,NaN,NaN,NaN,NaN,NaN,NaN,NaN,NaN,NaN,NaN,NaN,NaN,NaN,NaN,NaN,NaN,NaN,NaN,NaN,NaN,NaN,NaN,NaN,NaN,NaN
819.2,,184.88,19.265,196.42,150.1,-29.312,1305,102.27,665.63,81.334,554.31,13.834,922.44,94.18,732.18,163.32,707.95,9.1123,1123.4,157.59,1111.2,NaN,NaN,NaN,NaN,NaN,NaN,NaN,NaN,NaN,NaN,NaN,NaN,NaN,NaN,NaN,NaN,NaN,NaN,NaN,NaN,NaN,NaN,NaN,NaN,NaN,NaN,NaN,NaN,NaN,NaN,NaN,NaN,NaN,NaN
811.83,,184.32,18.773,194.83,153.43,-34.879,1340.4,103.17,665.33,82.221,552.4,10.112,923.76,93.813,731.73,183.99,668.92,9.2594,1127.1,158.3,1109.9,NaN,NaN,NaN,NaN,NaN,NaN,NaN,NaN,NaN,NaN,NaN,NaN,NaN,NaN,NaN,NaN,NaN,NaN,NaN,NaN,NaN,NaN,NaN,NaN,NaN,NaN,NaN,NaN,NaN,NaN,NaN,NaN,NaN,NaN
804.52,,183.54,18.44,192.54,157.1,-40.446,1375.7,105.73,665.14,83.314,551,72.615,901.68,93.643,731.57,204.66,629.89,9.3412,1128,158.84,1108.3,528.83,545.09,533.36,450.12,NaN,NaN,NaN,NaN,NaN,NaN,NaN,NaN,NaN,NaN,NaN,NaN,NaN,NaN,NaN,NaN,NaN,NaN,NaN,NaN,NaN,NaN,NaN,NaN,NaN,NaN,NaN,NaN,NaN,NaN
796.96,,182.63,18.74,197.42,150.27,-46.013,1411.1,105.94,664.94,83.842,549.8,81.369,898.59,93.622,731.47,225.32,590.86,9.423,1128.9,159.37,1106.7,528.83,545.09,533.33,449.81,NaN,NaN,NaN,NaN,NaN,NaN,NaN,NaN,NaN,NaN,NaN,NaN,NaN,NaN,NaN,NaN,NaN,NaN,NaN,NaN,NaN,NaN,NaN,NaN,NaN,NaN,NaN,NaN,NaN,NaN
790.96,,181.57,20.449,202.3,143.44,NaN,NaN,107.57,664.52,84.64,548.65,90.124,895.5,92.871,731.55,245.99,551.83,9.5047,1129.8,159.91,1105.1,528.83,545.09,533.32,449.71,NaN,NaN,NaN,NaN,NaN,NaN,NaN,NaN,NaN,NaN,NaN,NaN,NaN,NaN,NaN,NaN,NaN,NaN,NaN,NaN,NaN,NaN,NaN,NaN,NaN,NaN,NaN,NaN,NaN,NaN
787.74,,180.91,20.799,188.2,164.16,NaN,NaN,109.48,663.94,85.677,547.63,98.879,892.41,84.541,729.72,NaN,NaN,9.5865,1130.7,160.44,1103.5,528.83,545.09,533.43,450.95,NaN,NaN,NaN,NaN,NaN,NaN,NaN,NaN,NaN,NaN,NaN,NaN,NaN,NaN,NaN,NaN,NaN,NaN,NaN,NaN,NaN,NaN,NaN,NaN,NaN,NaN,NaN,NaN,NaN,NaN
786.41,,180.53,20.505,185.8,164.42,NaN,NaN,111.06,663.52,86.857,546.88,46.095,777.99,77,730.73,148.3,631.19,9.6683,1131.6,160.98,1101.9,528.83,545.09,533.35,451.4,NaN,NaN,NaN,NaN,NaN,NaN,NaN,NaN,NaN,NaN,NaN,NaN,NaN,NaN,NaN,NaN,NaN,NaN,NaN,NaN,NaN,NaN,NaN,NaN,NaN,NaN,NaN,NaN,NaN,NaN
786.63,,180.12,20.593,185.37,165.04,301.41,1900.2,110.31,665.59,88.689,545.95,41.619,750.97,73.531,731.84,149.73,613.94,9.75,1132.5,161.51,1100.3,528.83,545.09,533.32,451.53,NaN,NaN,NaN,NaN,NaN,NaN,NaN,NaN,NaN,NaN,NaN,NaN,NaN,NaN,NaN,NaN,NaN,NaN,NaN,NaN,NaN,NaN,NaN,NaN,NaN,NaN,NaN,NaN,NaN,NaN
790.1,,180,20.33,184.73,165.03,307.95,1917.6,102.2,668.37,90.007,545.11,37.142,723.94,69.379,732.14,151.16,596.69,9.8318,1133.4,162.05,1098.7,528.83,545.09,534.34,455.72,NaN,NaN,NaN,NaN,NaN,NaN,NaN,NaN,NaN,NaN,NaN,NaN,NaN,NaN,NaN,NaN,NaN,NaN,NaN,NaN,NaN,NaN,NaN,NaN,NaN,NaN,NaN,NaN,NaN,NaN
795.41,,179.7,20.153,184.68,165.85,305.55,1917.8,106.67,670.74,91.277,544.43,32.665,696.91,65.228,732.44,152.59,579.45,9.9136,1134.3,162.58,1097.1,528.83,545.09,534.69,457.09,NaN,NaN,NaN,NaN,NaN,NaN,NaN,NaN,NaN,NaN,NaN,NaN,NaN,NaN,NaN,NaN,NaN,NaN,NaN,NaN,NaN,NaN,NaN,NaN,NaN,NaN,NaN,NaN,NaN,NaN
801.65,,179.43,19.343,184.2,150.06,303.92,1913.6,110.86,665.93,92.399,543.96,43.897,621.08,111.06,784.82,154.02,562.2,9.9954,1135.2,163.12,1095.5,528.09,550,531.94,451.03,NaN,NaN,NaN,NaN,NaN,NaN,NaN,NaN,NaN,NaN,NaN,NaN,NaN,NaN,NaN,NaN,NaN,NaN,NaN,NaN,NaN,NaN,NaN,NaN,NaN,NaN,NaN,NaN,NaN,NaN
808.92,,179.29,18.008,183.35,161.89,302.72,1910,113.65,663.74,92.987,543.16,46.898,611.08,115.64,790.4,155.45,544.95,10.077,1136.1,163.66,1093.9,527.84,551.64,530.99,448.88,181.96,193.25,NaN,NaN,NaN,NaN,NaN,NaN,NaN,NaN,NaN,NaN,NaN,NaN,NaN,NaN,NaN,NaN,NaN,NaN,NaN,NaN,NaN,NaN,NaN,NaN,NaN,NaN,NaN,NaN
816.77,,179.18,17.398,183.32,149.67,300.43,1909.6,114.65,662.98,93.803,542.44,49.886,610.78,116.99,790.88,180.42,199.77,10.159,1137,164.19,1092.2,527.9,547.07,530.74,448.25,NaN,NaN,NaN,NaN,NaN,NaN,NaN,NaN,NaN,NaN,NaN,NaN,NaN,NaN,NaN,NaN,NaN,NaN,NaN,NaN,NaN,NaN,NaN,NaN,NaN,NaN,NaN,NaN,NaN,NaN
823.24,,178.91,16.849,182.03,183.84,299.14,1908.5,111.37,659.88,94.596,541.84,52.412,613,117.4,789.88,181.76,137.46,50.334,1448.9,88.311,1278.2,527.94,542.78,530.81,448.13,NaN,NaN,NaN,NaN,NaN,NaN,NaN,NaN,NaN,NaN,NaN,NaN,NaN,NaN,NaN,NaN,NaN,NaN,NaN,NaN,NaN,NaN,NaN,NaN,NaN,NaN,NaN,NaN,NaN,NaN
827.11,,178.72,16.633,180.98,195.34,298.6,1908.3,107.12,653.12,94.447,543.16,54.703,615.32,117.34,789.05,181.61,123.27,51.607,1461.1,82.705,1307.3,527.96,541.77,530.43,447.34,NaN,NaN,NaN,NaN,NaN,NaN,NaN,NaN,NaN,NaN,NaN,NaN,NaN,NaN,NaN,NaN,NaN,NaN,NaN,NaN,NaN,NaN,NaN,NaN,NaN,NaN,NaN,NaN,NaN,NaN
829.24,,178.48,16.323,180.51,198.3,298.33,1908.1,107.72,651.1,94.096,543.95,56.158,617.14,117.98,788.8,180.91,123.9,35.868,1555.4,69.179,1372,527.98,541.57,530.05,446.54,NaN,NaN,NaN,NaN,NaN,NaN,NaN,NaN,NaN,NaN,NaN,NaN,NaN,NaN,NaN,NaN,NaN,NaN,NaN,NaN,NaN,NaN,NaN,NaN,NaN,NaN,NaN,NaN,NaN,NaN
828.49,,178.35,15.953,180.47,199.18,298.15,1908.1,110.76,653.32,94.308,544.96,57.188,618.44,118.39,788.46,180.79,127.63,30.896,1583,65.81,1390.7,527.95,540.52,529.67,445.74,141.76,807.22,NaN,NaN,NaN,NaN,NaN,NaN,NaN,NaN,NaN,NaN,NaN,NaN,NaN,NaN,NaN,NaN,NaN,NaN,NaN,NaN,NaN,NaN,NaN,NaN,NaN,NaN,NaN,NaN
826.45,,178.31,15.879,180.56,197.9,298.08,1907.9,108.24,653.35,94.233,544.72,58.604,619.65,118.68,788.22,180.69,130.75,29.069,1590.2,65.436,1393.9,527.93,539.46,529.3,444.94,142.23,807.37,5.5159,1571.5,159.91,632.16,NaN,NaN,NaN,NaN,NaN,NaN,NaN,NaN,NaN,NaN,NaN,NaN,NaN,NaN,NaN,NaN,NaN,NaN,NaN,NaN,NaN,NaN,NaN,NaN
822.7,,178.18,15.542,181.15,195.73,298.77,1907.4,107.74,652.56,94.289,544.76,60.604,621.22,119.3,788.37,180.68,132.68,29.761,1585.7,65.78,1392.9,527.9,538.41,528.92,444.14,143,808.06,5.4943,1571.7,160.68,632.57,NaN,NaN,NaN,NaN,NaN,NaN,NaN,NaN,NaN,NaN,NaN,NaN,NaN,NaN,NaN,NaN,NaN,NaN,NaN,NaN,NaN,NaN,NaN,NaN
817.56,,178.25,14.79,182.65,193.71,299,1907.1,107.23,651.76,94.79,545.02,63.078,622.86,120.27,788.46,180.76,133.67,30.302,1581.7,65.812,1392.6,527.87,537.35,528.54,443.35,143.4,808.43,5.486,1571.8,161.33,633.06,NaN,NaN,NaN,NaN,NaN,NaN,NaN,NaN,NaN,NaN,NaN,NaN,NaN,NaN,NaN,NaN,NaN,NaN,NaN,NaN,NaN,NaN,NaN,NaN
811,,178.65,14.266,183.07,190.97,299.06,1907,106.73,650.97,95.296,545.8,65.175,624.13,121.02,788.56,181.03,128.99,30.526,1578.6,55.33,1438.8,527.85,536.3,528.16,442.55,144.25,809.25,5.2312,1572.6,160.91,632.95,NaN,NaN,NaN,NaN,NaN,NaN,NaN,NaN,NaN,NaN,NaN,NaN,NaN,NaN,NaN,NaN,NaN,NaN,NaN,NaN,NaN,NaN,NaN,NaN
805.48,,178.85,12.774,183.9,187.79,298.44,1907.4,106.23,650.17,96.098,546.35,67.488,625.39,121.31,788.7,181.31,124.3,31.579,1573.1,52.384,1451.6,527.82,535.24,527.78,441.75,144.97,809.8,5.0259,1572.6,161.06,633.09,88.339,1286.7,171.93,921,NaN,NaN,NaN,NaN,NaN,NaN,NaN,NaN,NaN,NaN,NaN,NaN,NaN,NaN,NaN,NaN,NaN,NaN,NaN,NaN
800.91,,178.97,11.957,184.17,184.82,298.43,1907.7,105.73,649.38,96.744,546.55,70.39,626.66,122.7,786.46,181.59,119.62,32.03,1570.5,51.473,1455.2,527.79,534.19,527.41,440.95,145.15,810.09,4.965,1572.5,161.59,633.21,88.865,1283.2,171.95,920.95,NaN,NaN,NaN,NaN,NaN,NaN,NaN,NaN,NaN,NaN,NaN,NaN,NaN,NaN,NaN,NaN,NaN,NaN,NaN,NaN
797.93,,179.1,11.141,184.66,182.78,298.44,1907.8,105.23,648.58,97.218,546.89,71.772,626.98,123.41,784.83,181.87,114.93,32.207,1568.7,50.253,1459.6,527.77,533.14,527.03,440.16,145.17,810.15,4.9792,1572.5,161.89,633.29,89.582,1277.4,171.96,920.95,NaN,NaN,NaN,NaN,NaN,NaN,NaN,NaN,NaN,NaN,NaN,NaN,NaN,NaN,NaN,NaN,NaN,NaN,NaN,NaN
788.37,,179.22,10.324,185.14,180.74,298.45,1907.8,104.72,647.79,98.064,547.1,72.728,627.18,123.72,783.8,182.15,110.24,32.165,1568.2,47.556,1470.4,492.92,833.76,526.65,439.36,145.4,810.62,4.8951,1572.8,161.91,633.26,90.038,1274.2,171.96,920.94,NaN,NaN,NaN,NaN,NaN,NaN,NaN,NaN,NaN,NaN,NaN,NaN,NaN,NaN,NaN,NaN,NaN,NaN,NaN,NaN
785.41,,179.35,9.5078,185.63,178.71,298.45,1907.8,163.69,515.82,98.59,547.18,73.694,627.35,123.77,783.25,182.43,105.56,31.833,1559.1,48.25,1467.1,491.75,841.93,526.27,438.56,145.6,810.92,4.8377,1573,162.11,633.33,90.493,1270.9,171.97,920.93,NaN,NaN,NaN,NaN,NaN,NaN,NaN,NaN,NaN,NaN,NaN,NaN,NaN,NaN,NaN,NaN,NaN,NaN,NaN,NaN
788.99,,179.47,8.6913,186.12,176.67,298.7,1907.9,171.42,496.87,99.212,546.92,76.128,625.96,123.73,783.14,182.71,100.87,31.753,1555.9,42.649,1494.6,488.43,869.18,525.89,437.76,145.64,810.99,4.6221,1572.8,162.3,633.4,90.948,1267.6,NaN,NaN,NaN,NaN,NaN,NaN,NaN,NaN,NaN,NaN,NaN,NaN,NaN,NaN,NaN,NaN,NaN,NaN,NaN,NaN,NaN,NaN
794.84,,179.6,7.8747,186.6,174.63,298.84,1907.9,179.15,477.93,99.973,547.08,77.868,625.17,123.99,783.16,182.99,96.186,31.674,1552.7,40.179,1505.5,485.1,896.43,62.788,408.62,145.83,811,4.4505,1573.3,162.49,633.46,NaN,NaN,NaN,NaN,NaN,NaN,NaN,NaN,NaN,NaN,NaN,NaN,NaN,NaN,NaN,NaN,NaN,NaN,NaN,NaN,NaN,NaN,NaN,NaN
805.05,,179.72,7.0582,187.09,172.6,298.9,1907.9,186.88,458.98,103.77,535.24,80.081,624.32,124.05,783.21,183.26,91.5,31.595,1549.6,41.892,1495.2,481.78,923.68,49.022,403.72,145.93,811,4.2803,1573.3,97.812,571.73,NaN,NaN,NaN,NaN,NaN,NaN,NaN,NaN,NaN,NaN,NaN,NaN,NaN,NaN,NaN,NaN,NaN,NaN,NaN,NaN,NaN,NaN,NaN,NaN
814.13,,179.85,6.2417,187.57,170.56,298.8,1907.9,194.6,440.03,104.83,529.69,81.671,623.93,124.1,783.39,183.54,86.814,31.516,1546.4,39.862,1502.5,478.46,950.93,52.259,406.07,146.2,811.05,4.1135,1573,93,566.73,NaN,NaN,NaN,NaN,NaN,NaN,NaN,NaN,NaN,NaN,NaN,NaN,NaN,NaN,NaN,NaN,NaN,NaN,NaN,NaN,NaN,NaN,NaN,NaN
819.67,,179.97,5.4251,188.06,168.53,298.84,1907.9,202.33,421.09,105.79,527.91,82.145,623.48,124.24,783.21,183.82,82.128,31.436,1543.2,42.611,1490.1,475.14,978.18,52.225,402.41,146.66,811.08,4.1359,1572.8,92.684,566.22,NaN,NaN,NaN,NaN,NaN,NaN,NaN,NaN,NaN,NaN,NaN,NaN,NaN,NaN,NaN,NaN,NaN,NaN,NaN,NaN,NaN,NaN,NaN,NaN
824.26,,180.1,4.6086,188.55,166.49,298.85,1907.9,210.06,402.14,106.49,526.8,82.695,623.33,124.51,783.34,184.1,77.442,31.357,1540,45.968,1476.4,471.82,1005.4,53.495,401.04,147.17,811.2,4.3824,1571.8,93.679,566.98,NaN,NaN,NaN,NaN,NaN,NaN,NaN,NaN,NaN,NaN,NaN,NaN,NaN,NaN,NaN,NaN,NaN,NaN,NaN,NaN,NaN,NaN,NaN,NaN
827.93,,180.22,3.792,189.03,164.45,299.17,1908.5,217.79,383.19,107.31,526.62,83.559,622.73,124.84,783.63,184.38,72.756,31.278,1536.8,42.384,1495.1,468.49,1032.7,53.987,399.66,147.29,811.07,4.2265,1572.3,96.483,571.88,NaN,NaN,NaN,NaN,NaN,NaN,NaN,NaN,NaN,NaN,NaN,NaN,NaN,NaN,NaN,NaN,NaN,NaN,NaN,NaN,NaN,NaN,NaN,NaN
829.67,,180.35,2.9755,189.52,162.42,299.07,1908.6,225.51,364.25,108.07,526.74,84.26,623.03,125.04,784.18,184.66,68.07,31.199,1533.6,46.462,1476.3,465.17,1059.9,54.374,398.78,147.61,811.05,4.1872,1572.2,99.736,578.82,NaN,NaN,NaN,NaN,NaN,NaN,NaN,NaN,NaN,NaN,NaN,NaN,NaN,NaN,NaN,NaN,NaN,NaN,NaN,NaN,NaN,NaN,NaN,NaN
827.98,,180.47,2.1589,190.01,160.38,299.03,1908.6,233.24,345.3,109.1,526.8,84.94,623.22,125.53,784.5,184.94,63.384,31.12,1530.5,48.069,1468.7,195.59,774.64,54.579,398.38,148.05,811.08,4.1479,1572.1,101.85,582.38,NaN,NaN,NaN,NaN,NaN,NaN,NaN,NaN,NaN,NaN,NaN,NaN,NaN,NaN,NaN,NaN,NaN,NaN,NaN,NaN,NaN,NaN,NaN,NaN
824.94,,180.6,1.3424,190.49,158.34,299.01,1908.6,240.97,326.35,109.54,526.18,85.491,622.96,125.68,784.32,NaN,NaN,57.097,1427.1,45.16,1482.1,158.96,762.79,54.728,398.18,148.22,811.04,4.1086,1572.1,103.99,585.45,NaN,NaN,NaN,NaN,NaN,NaN,NaN,NaN,NaN,NaN,NaN,NaN,NaN,NaN,NaN,NaN,NaN,NaN,NaN,NaN,NaN,NaN,NaN,NaN
819.8,,180.72,0.52586,190.98,156.31,299,1908.6,248.7,307.4,109.99,525.91,86.22,622.96,125.7,784.25,168.62,935.73,57.902,1423.5,44.089,1487,122.33,750.94,54.694,397.99,148.63,811.18,4.0693,1572,104.9,587.01,NaN,NaN,NaN,NaN,NaN,NaN,NaN,NaN,NaN,NaN,NaN,NaN,NaN,NaN,NaN,NaN,NaN,NaN,NaN,NaN,NaN,NaN,NaN,NaN
814.27,,180.85,-0.29068,191.46,154.27,299,1908.6,256.42,288.46,110.19,525.54,86.955,622.87,125.75,784.19,168.46,950.71,60.113,1412.6,47.049,1473.9,85.692,739.09,54.664,397.77,148.9,811.25,31.495,1566.5,102.33,596.02,NaN,NaN,NaN,NaN,NaN,NaN,NaN,NaN,NaN,NaN,NaN,NaN,NaN,NaN,NaN,NaN,NaN,NaN,NaN,NaN,NaN,NaN,NaN,NaN
807.95,,180.97,-1.1072,191.95,152.24,299,1908.6,264.15,269.51,110.73,525.59,87.691,622.78,130.58,789.88,168.69,949.48,62.323,1401.7,48.289,1468.4,49.058,727.24,54.692,397.67,149.21,811.3,36.63,1565.4,101.91,598.97,NaN,NaN,NaN,NaN,NaN,NaN,NaN,NaN,NaN,NaN,NaN,NaN,NaN,NaN,NaN,NaN,NaN,NaN,NaN,NaN,NaN,NaN,NaN,NaN
801.64,,181.09,-1.9238,192.44,150.2,298.99,1908.6,271.88,250.56,111.96,525.98,88.427,622.7,132.31,791.96,168.4,973.74,54.863,1440,42.927,1493.2,12.424,715.39,55.273,398.07,149.51,811.35,33.321,1567.6,101.66,602.91,NaN,NaN,NaN,NaN,NaN,NaN,NaN,NaN,NaN,NaN,NaN,NaN,NaN,NaN,NaN,NaN,NaN,NaN,NaN,NaN,NaN,NaN,NaN,NaN
795.56,,181.22,-2.7403,192.92,148.16,298.99,1908.6,279.61,231.62,113.51,526.5,89.162,622.61,133.77,793.67,168.96,948.07,51.416,1456.5,41.718,1498.9,-24.209,703.54,56.688,398.72,149.82,811.41,33.293,1567.2,101.4,606.86,402.37,1564.4,NaN,NaN,NaN,NaN,NaN,NaN,NaN,NaN,NaN,NaN,NaN,NaN,NaN,NaN,NaN,NaN,NaN,NaN,NaN,NaN,NaN,NaN
792.49,,181.34,-3.5568,5.598,467.16,299.19,1908.7,287.33,212.67,114.68,527.53,89.898,622.52,128.59,793.1,164.67,959.36,50.139,1462.8,40.509,1504.7,-60.843,691.68,60.092,400.95,149.89,808.61,35.111,1566.9,101.14,610.8,402.45,1564.4,88.585,1292.4,NaN,NaN,NaN,NaN,NaN,NaN,NaN,NaN,NaN,NaN,NaN,NaN,NaN,NaN,NaN,NaN,NaN,NaN,NaN,NaN
792.46,,3.2991,471.66,299.21,1908.7,295.06,193.72,114.2,528.63,90.634,622.43,127.95,794.16,163.25,969.19,48.862,1469.2,36.791,1561.3,-97.477,679.83,64.991,404.67,142.07,803.09,17.872,1622.1,103.01,656.06,402.53,1564.4,NaN,NaN,NaN,NaN,NaN,NaN,NaN,NaN,NaN,NaN,NaN,NaN,NaN,NaN,NaN,NaN,NaN,NaN,NaN,NaN,NaN,NaN,NaN,NaN
793.67,,4.6345,468.26,299.21,1909.1,302.79,174.78,114.56,532.33,91.37,622.34,127.31,795.23,161.83,979.03,47.585,1475.6,34.966,1579.5,-134.11,667.98,64.869,407.03,140.13,800.34,14.177,1637.9,103.21,668.82,NaN,NaN,NaN,NaN,NaN,NaN,NaN,NaN,NaN,NaN,NaN,NaN,NaN,NaN,NaN,NaN,NaN,NaN,NaN,NaN,NaN,NaN,NaN,NaN,NaN,NaN
795.49,,9.8983,463.68,299.2,1909.3,60.276,128.43,115.05,533.99,182.72,524.77,126.67,796.29,154.25,1014.4,46.308,1482,33.142,1597.7,3.8733,214.2,66.556,409.01,137.98,798.02,10.482,1653.7,103.4,681.58,12.436,1753.8,NaN,NaN,NaN,NaN,NaN,NaN,NaN,NaN,NaN,NaN,NaN,NaN,NaN,NaN,NaN,NaN,NaN,NaN,NaN,NaN,NaN,NaN,NaN,NaN
801.6,,11.098,460.95,299.19,1909.3,55.483,134.03,115.53,535.65,195.99,511.19,147.32,886.45,155.47,1022.7,45.031,1488.4,31.317,1616,1.5302,207.99,14.211,367.02,160.98,853.87,6.7868,1669.5,103.6,694.35,12.645,1753.4,NaN,NaN,NaN,NaN,NaN,NaN,NaN,NaN,NaN,NaN,NaN,NaN,NaN,NaN,NaN,NaN,NaN,NaN,NaN,NaN,NaN,NaN,NaN,NaN
808.23,,23.502,467.42,299.19,1909.3,52.105,150.8,64.075,516.48,180.13,615.91,149.96,894.32,154.87,1028.4,43.754,1494.8,29.493,1634.2,4.4178,226.29,0.46054,356.44,165.65,867.78,3.0918,1685.3,141.92,656.93,12.862,1752.9,NaN,NaN,NaN,NaN,NaN,NaN,NaN,NaN,NaN,NaN,NaN,NaN,NaN,NaN,NaN,NaN,NaN,NaN,NaN,NaN,NaN,NaN,NaN,NaN
814.55,,26.18,474.81,299.19,1909.3,53.585,170.49,92.692,545.24,177.59,633.74,153.47,910.58,153.58,1039.4,42.477,1501.1,27.668,1652.4,8.5375,245.07,6.2758,361.19,170.62,882.1,-0.6032,1701.1,140.12,655.08,13.203,1751.8,116.19,333.23,224.97,716.32,NaN,NaN,NaN,NaN,NaN,NaN,NaN,NaN,NaN,NaN,NaN,NaN,NaN,NaN,NaN,NaN,NaN,NaN,NaN,NaN
819.17,,23.618,479.7,299.19,1909.3,50.639,179.13,93.264,551.9,175.09,638.73,152.61,1005.9,156.84,1064.6,41.2,1507.5,25.844,1670.6,11.251,261.93,15.463,363.63,175.6,896.41,-4.2982,1716.9,139.28,655.43,13.372,1751.2,112.97,344.82,223.92,722.23,84.364,624.34,114.26,611,160.06,553.82,NaN,NaN,NaN,NaN,NaN,NaN,NaN,NaN,NaN,NaN,NaN,NaN,NaN,NaN
823.15,,21.671,482.65,299.19,1909.3,47.693,187.76,115.23,496.86,172.63,639.62,153.36,1013.9,156.87,1079.7,39.923,1513.9,24.019,1688.9,14.104,276.68,25.423,367.63,180.57,910.72,-7.9932,1732.7,128.91,655.13,8.8538,1705.5,113.14,353.88,176.11,681.75,85.462,632.04,168.03,565.3,NaN,NaN,NaN,NaN,NaN,NaN,NaN,NaN,NaN,NaN,NaN,NaN,NaN,NaN,NaN,NaN
825.47,,21.785,483.3,299.19,1909.3,7.6244,171.61,119.47,491.81,171.61,638.61,152.4,1006.8,156.89,1094.8,38.646,1520.3,22.195,1707.1,17.12,289.91,35.386,373.22,185.55,925.03,-11.688,1748.5,127.41,655.45,7.3937,1701.4,115.99,361.64,159.8,669.62,85.178,635.53,169.94,571.73,16.079,451.51,NaN,NaN,NaN,NaN,NaN,NaN,NaN,NaN,NaN,NaN,NaN,NaN,NaN,NaN
826.65,,21.188,484.7,299.19,1909.3,4.1899,179.95,118.58,494.68,170.94,645.13,153.25,1023.8,156.92,1109.9,9.2877,1454,20.37,1725.3,24.353,299.86,71.212,343.32,157.59,850.84,-15.383,1764.3,125.91,655.78,6.7946,1705.3,118.28,371.74,143.48,657.48,83.861,639.09,167.51,570.33,18.092,456.59,96.716,93.257,171.4,444.68,NaN,NaN,NaN,NaN,NaN,NaN,NaN,NaN,NaN,NaN
825.6,,29.2,477.09,298.86,1909,4.3698,190.67,117.38,499.5,176.66,710.95,139.89,982.46,156.94,1125,7.4087,1453.4,58.648,1436.1,27.689,308.93,86.12,334.12,154.16,859.97,-19.078,1780.1,150.99,800.11,6.8006,1709,121.88,382.2,136.8,632.02,82.146,640.11,169.61,574.25,19.649,458.7,97.856,102.51,169.93,451.37,38.552,123.11,149.22,474.39,NaN,NaN,NaN,NaN,NaN,NaN
823.12,,34.705,476.36,298.76,1909,-1.8123,197.15,119.4,497.69,176.76,725.05,139,976.12,146.78,896.74,6.9741,1453.5,53.925,1452.2,31.024,317.99,101.03,324.93,151.8,855.67,-22.773,1795.9,152.91,816.37,6.8907,1710.6,123.81,390.85,137.49,626.05,75.859,635.4,171.71,578.17,21.205,460.81,99.767,116.74,169.51,453.7,38.89,124.12,156.84,469.87,239.6,26.335,NaN,NaN,NaN,NaN
818.67,,38.33,475.47,299.2,1908.7,-7.9945,203.63,121.42,495.89,176.02,729.33,138.98,976.32,144.9,866.16,7.0801,1453.7,53.795,1452.2,34.36,327.05,111.52,325.31,150.23,854.88,-26.468,1811.7,152.62,818.96,6.9887,1711.4,125.74,399.5,144.2,629.96,71.421,633.4,173.81,582.09,22.761,462.92,101.11,130.33,169.08,456.04,39.228,125.13,166.23,461.79,242.36,40.396,167.22,21.399,NaN,NaN
814.97,,41.955,474.58,299.08,1908.4,52.763,205.41,123.45,494.08,176.32,744.41,140.54,967.44,148.36,805.72,7.688,1453.7,55.127,1447.9,37.695,336.12,125.34,318.46,147.41,853.19,-30.163,1827.4,155.21,839.49,6.9904,1712.9,127.66,408.15,120.27,654.16,68.147,632.13,175.91,586.01,101.15,138.94,168.66,458.38,171.13,458.01,245.77,47.508,168.68,22.92,1069.1,654.8,NaN,NaN,NaN,NaN
811.87,,27.588,485.7,299.03,1908.3,63.066,210.73,14.064,526.81,176.62,759.5,139.21,982.29,146.79,790.72,8.0222,1453.8,54.948,1450.4,41.031,345.18,139.16,311.62,144.85,852.37,-33.858,1843.2,147.36,922.38,7.0216,1713,129.59,416.81,109.58,657.73,64.218,631.24,178,589.93,104.11,144.38,176.02,454.24,249.82,50.887,169.3,23.891,125.9,12.252,NaN,NaN,NaN,NaN,NaN,NaN
805.87,,32.214,490.53,298.85,1908,73.369,216.06,5.1327,530.39,143.2,798.22,138.38,984.76,126.48,768.71,9.2204,1453.5,56.179,1447.7,44.366,354.24,152.99,304.78,142.52,851.41,-37.553,1859,146.95,960.86,7.0752,1712.5,131.52,425.46,104.84,665.15,60.987,630.98,NaN,NaN,105.56,152.24,180.91,450.47,254.24,53.459,171.19,34.322,NaN,NaN,NaN,NaN,NaN,NaN,NaN,NaN
800.88,,33.125,493.46,298.71,1907.5,83.672,221.38,3.1598,530.77,137.66,803.98,142.48,952.17,120.24,764.27,11.017,1453.4,57.164,1446.3,47.702,363.31,166.81,297.93,140.83,851.08,-41.248,1874.8,146.54,999.34,7.1632,1711.4,133.45,434.11,101.35,666.26,57.591,630.31,NaN,NaN,107.01,160.1,257.47,57.75,172.18,38.032,620.12,30.427,NaN,NaN,NaN,NaN,NaN,NaN,NaN,NaN
796.91,,34.035,496.39,300.43,1904.3,93.975,226.7,2.7772,531.1,130.45,820.12,143.06,944.62,88.507,734.61,14.997,1451.5,57.753,1445.1,51.037,372.37,180.64,291.09,138.68,850.29,8.9226,1286.9,146.13,1037.8,7.3174,1709.8,156.56,441.75,94.119,669.8,50.453,633.97,616,528.29,172.42,141.35,260.71,62.041,173.17,41.742,620.07,29.877,928.14,105.05,NaN,NaN,NaN,NaN,NaN,NaN
795.93,,34.946,499.31,302.63,1903.4,104.28,232.03,5.6484,534.37,63.763,784.15,142.79,935.47,79.765,728.95,16.144,1450.4,56.579,1449.9,54.373,381.43,194.46,284.24,136.54,849.51,12.184,1274,36.074,1061.2,7.4423,1709.7,156.91,439.55,95.606,667.28,41.632,639.48,677.77,522.06,189.56,142.68,263.94,66.333,620.06,29.683,928,114.48,564.89,25.63,642.57,467.27,NaN,NaN,NaN,NaN
796.49,,35.857,502.24,303.71,1902.2,114.58,237.35,1.1226,537.03,29.658,829.95,68.795,896.22,67.022,716.96,13.617,1450.9,54.195,1456.9,77.714,758.17,208.28,277.4,137.09,816.57,11.238,1277.7,26.142,1075.3,7.5185,1706.7,153.7,441.05,92.038,668.13,28.324,650.19,739.54,515.84,227.01,153.49,267.18,70.624,619.4,27.006,927.93,118.62,564.76,24.813,5.5734,1180.1,NaN,NaN,NaN,NaN
798.36,,36.768,505.17,304.78,1901.1,12,366.47,19.651,552.09,22.26,831.83,113.1,917.76,16.341,705.46,11.191,1451.6,52.093,1461.2,57.982,783.3,222.11,270.56,135.6,807.97,11.163,1281.3,6.7687,1103.9,7.6045,1707.3,154.84,444.79,88.136,669.86,22.032,653.84,921.69,449.17,236.1,159.12,270.42,74.915,619.18,26.129,928.2,120.11,564.7,24.208,15.068,931.2,NaN,NaN,NaN,NaN
797.77,,216.77,696.91,305.86,1899.9,6.962,378,20.787,557.11,21.927,830.12,129.16,922.61,-9.2149,691.23,8.602,1452.9,49.39,1467.9,81.339,776.92,235.93,263.71,130.3,819.71,11.915,1284.4,4.8758,1073.9,7.6626,1708.4,155.98,448.53,84.638,671.21,16.15,662.89,949.96,442.76,237.32,166.51,273.65,79.206,619.13,25.922,928.1,122.28,564.69,24.024,12.809,931.42,130,1008.4,579.89,616.51
811.42,,227.97,708.28,306.93,1898.8,0.71636,397.99,17.044,559.22,24.421,827.51,133.17,925.94,-34.771,677,7.2825,1452.6,44.152,1484.1,85.257,767.81,137.16,778.02,126.19,822.31,14.298,1286.4,-9.4017,1085.4,7.6751,1708.7,157.11,452.27,82.121,671.1,13.801,667.37,952.6,442.21,249.94,171.99,NaN,NaN,619.13,25.934,928.32,138.14,564.25,25.557,11.843,931.59,129.62,1009,583.25,618.35
815.92,,231.21,711.82,308.01,1897.7,-5.5293,417.97,15.158,562.6,15.99,831.1,132.78,927.14,40.011,619.25,5.9476,1452.4,41.27,1492.4,86.247,765.47,137.79,832.27,124.15,823.34,19.9,1281.8,-23.679,1096.9,7.7271,1711.2,37.343,500.89,83.984,672.35,12.718,669.23,947.47,443.81,262.55,177.48,NaN,NaN,619.14,25.998,928.43,148.16,563.93,26.457,10.877,931.76,129.23,1009.6,583.4,618.55
819.73,,230.99,710.4,309.08,1896.5,-11.775,437.96,14.483,566.78,46.374,802.9,130.24,931.39,45.116,611.86,4.6281,1452.4,38.389,1500.7,89.6,761.4,198.99,838.74,121.43,822.95,22.522,1279.4,4.6784,1174.4,7.6754,1711.9,12.543,514.26,84.195,672.87,12.506,670.35,941.78,445.26,275.16,182.96,NaN,NaN,619.16,26.058,928.55,153.26,563.89,26.668,9.9101,931.93,583.55,618.75,930,521.72
823.11,,229.83,708.45,310.16,1895.4,-18.021,457.95,13.808,570.96,49.564,798.5,131.33,933.12,47.262,611.99,3.3086,1452.4,35.508,1509,90.899,759.62,207.68,844.63,118.71,822.56,25.144,1277.1,7.742,1185.4,7.59,1711.5,-12.257,527.62,82.814,673.3,12.365,671.58,937.42,446.31,287.77,188.44,241.34,5.6363,619.17,26.103,928.6,158.61,563.87,26.709,583.71,618.94,930,521.53,NaN,NaN
825.59,,227.39,705.03,311.23,1894.2,-24.266,477.94,13.133,575.15,49.99,796.45,132.42,934.84,47.086,613.35,1.9891,1452.5,32.627,1517.3,93.905,761.26,212.05,850.83,115.99,822.17,27.765,1274.7,12.707,1180.8,7.5018,1711.1,-37.056,540.99,81.273,673.75,12.689,672.32,934.48,446.99,300.39,193.93,239.27,-0.7076,619.17,26.132,928.69,162.78,563.88,26.688,930,522.22,NaN,NaN,NaN,NaN
826.32,,223.74,698.45,312.31,1893.1,-30.512,497.93,12.458,579.33,52.022,792.33,167.82,850.88,47.093,614.91,0.66957,1452.5,29.746,1525.6,96.911,762.9,212.84,850.45,186.98,796.37,30.387,1272.4,16.951,1175.1,7.3884,1710.8,-61.856,554.36,80.421,674.09,12.819,673.44,932.62,447.42,313,199.41,237.2,-7.0515,619.18,26.151,928.67,162.44,563.89,26.658,930,522.47,NaN,NaN,NaN,NaN
828.77,,225.04,698.65,313.38,1891.9,-36.757,517.91,11.783,583.51,54.053,788.21,172.48,840.14,47.63,616.16,-0.64994,1452.5,26.864,1533.9,99.918,764.54,212.36,849.05,195.81,797.94,33.008,1270.1,19.977,1170,7.3502,1711.1,-86.656,567.72,79.997,674,12.098,675.11,931.5,447.67,325.61,204.89,235.13,-13.395,619.14,26.182,928.71,164.54,563.9,26.628,930,532.3,NaN,NaN,NaN,NaN
831.21,,226.34,698.84,314.46,1890.8,-43.003,537.9,11.108,587.7,56.085,784.09,173.24,838.13,48.053,617.02,-1.9694,1452.6,23.983,1542.2,102.92,766.17,210.36,846.18,197.97,801.41,35.63,1267.7,21.049,1168.3,7.3403,1711.2,-111.46,581.09,79.675,674.06,11.378,676.79,930.85,447.81,338.23,210.37,233.06,-19.739,619.13,26.195,928.55,159.87,563.91,26.617,929.96,541.27,NaN,NaN,NaN,NaN
833.65,,227.64,699.04,315.53,1889.6,-49.249,557.89,10.433,591.88,58.117,779.98,178.79,826.43,48.041,617.22,-3.2889,1452.6,21.102,1550.5,105.93,767.81,207.1,841.62,206.43,800.29,38.252,1265.4,21.502,1167.2,7.3059,1710.9,-136.26,594.46,79.53,674.23,10.657,678.47,930.47,447.9,521.77,509.43,230.99,-26.083,619.13,26.201,928.54,157.91,563.87,26.684,929.95,540.55,NaN,NaN,NaN,NaN
836.09,,228.94,699.23,316.61,1888.5,-55.494,577.88,9.7583,596.06,60.149,775.86,184.34,814.73,47.994,617.42,-4.6084,1452.7,18.221,1558.9,108.94,769.45,203.66,838.4,214.89,799.16,40.873,1263,22.32,1165.5,7.3284,1711.5,-161.06,607.82,79.527,674.25,9.9369,680.15,931.04,447.77,530.91,521.29,228.92,-32.427,619.13,26.203,928.57,153.95,564.26,25.185,929.97,514.49,NaN,NaN,NaN,NaN
838.54,,230.24,699.43,317.68,1887.3,-61.74,597.86,9.0833,600.25,12.008,916.18,189.9,803.03,47.08,617.18,5.4054,1516,15.34,1567.2,111.94,771.09,203.02,838.35,223.35,798.03,180.44,1265.1,27.293,1151.1,7.3209,1711.8,-185.86,621.19,78.405,673.85,9.2164,681.83,931.61,447.65,531.02,521.58,226.85,-38.771,619.06,26.031,928.58,152.67,564.39,24.681,929.99,505,NaN,NaN,NaN,NaN
840.98,,231.54,699.63,318.76,1886.2,-67.985,617.85,8.4082,604.43,9.3947,923.22,217.83,754.93,47.022,617.09,5.5024,1518.3,197.31,1229,65.022,1029.7,202.38,838.31,231.81,796.91,186,1264.7,29.742,1146.1,7.3677,1712.4,-210.66,634.56,77.945,673.7,8.4959,683.51,932.18,447.52,528.86,518.93,NaN,NaN,619.03,25.973,928.59,152.2,564.42,24.552,930,502.37,913.71,276.65,NaN,NaN
986.34,,492.43,877.38,172.41,1384,230.07,1146.1,7.7332,608.61,9.1676,922.89,228.17,735.45,46.26,616.79,5.5234,1518.4,202.02,1220.9,63.726,1013.8,201.74,838.26,240.27,795.78,186.14,1264.8,32.191,1141.1,7.3899,1712.8,-235.46,647.92,77.863,673.52,7.7755,685.19,932.75,447.4,524.86,502.49,NaN,NaN,619.03,25.959,928.6,152.16,564.43,24.636,930,502.12,913.71,276.65,NaN,NaN
991.51,,504.97,885.8,166.9,1373.8,252.45,1213.9,7.0582,612.8,10.798,919.4,238.51,715.96,45.457,616.42,5.5207,1517.9,202.03,1220.8,60.698,1033.2,201.1,838.21,248.73,794.65,184.9,1264.9,55.359,1186.6,7.3823,1712.9,NaN,NaN,77.463,673.41,7.055,686.86,933.31,447.28,522.78,496.12,NaN,NaN,619.03,25.959,928.5,155.89,564.42,24.607,930,502.53,913.71,276.65,18.866,1424.5
973.65,,505.79,881.08,167.38,1374.6,274.83,1281.7,219.42,1111.1,9.1186,924.85,248.86,696.48,45.25,616.3,5.5699,1520.2,200.96,1222.6,57.671,1052.6,200.47,838.17,257.19,793.53,179.71,1283.3,18.359,1204.8,7.448,1713.1,NaN,NaN,77.064,673.31,6.3345,688.54,933.88,447.15,522.37,505.14,NaN,NaN,619.03,25.962,928.54,156.58,564.41,24.616,930,501.87,913.71,276.65,19.023,1424.4
966.24,,503.34,877.72,162.52,1358.2,297.21,1349.5,239.04,1162.3,7.4389,930.31,259.2,676.99,45.223,616.29,5.6191,1522.5,200,1224.3,54.643,1072,199.83,838.12,265.65,792.4,181.64,1289.3,11.915,1215.6,7.5509,1714.1,NaN,NaN,76.665,673.2,5.6141,690.22,934.45,447.03,518.93,489.43,NaN,NaN,619.03,25.966,928.62,157.19,564.18,26.232,930,501.87,913.71,276.65,19.12,1424.1
966.92,,500.64,890.25,157.67,1341.7,319.59,1417.4,258.66,1213.6,5.7592,935.77,269.54,657.51,45.283,616.39,5.6684,1524.7,199.32,1225.4,51.615,1091.4,199.19,838.07,274.11,791.27,183.58,1295.3,5.6296,1210,7.5933,1714.7,NaN,NaN,76.265,673.09,68.032,559.99,935.02,446.91,517.66,483.99,NaN,NaN,619.03,25.969,928.64,157.77,564.33,25.356,930,502.02,913.71,276.65,19.148,1424
967.61,,498.7,893.89,152.81,1325.3,341.97,1485.2,278.28,1264.8,4.0794,941.23,279.88,638.02,47.322,617.23,5.7176,1527,198.87,1226.2,48.588,1110.8,198.55,838.03,282.57,790.15,185.51,1301.3,5.0607,1209.4,7.6964,1715.5,NaN,NaN,75.866,672.99,69.767,553.66,935.59,446.78,517.24,482.47,NaN,NaN,618.99,25.997,928.66,157.43,564.39,25.025,930,502.18,913.71,276.65,19.152,1423.9
968.3,,497.33,886.71,147.96,1308.9,364.35,1553,273.26,1326.8,2.3997,946.68,290.22,618.54,47.893,617.45,23.531,1786.8,198.6,1226.8,137.99,1039.6,197.91,837.98,521.14,512.59,187.44,1307.3,0.5413,1213.4,7.7169,1716.1,NaN,NaN,49.377,794.42,69.264,552.91,936.16,446.66,515.55,460.28,NaN,NaN,618.98,26.007,928.65,157.63,564.41,24.913,930,504.93,913.71,276.65,19.149,1423.9
968.98,,496.44,882.15,143.1,1292.4,386.73,1620.8,287.35,1380.5,0.72,952.14,300.56,599.05,48.464,617.67,26.922,1837.5,199.1,1226,150.49,1043.7,203.21,743.47,529.77,504.33,189.37,1313.3,-3.9781,1217.3,7.8885,1716.7,NaN,NaN,47.888,801.19,68.218,553.37,936.72,446.53,513.03,448.61,NaN,NaN,618.98,26.01,928.56,155.38,564.41,24.883,930,505.88,913.71,276.65,19.125,1423.8
969.67,,495.76,874.38,138.25,1276,409.11,1688.6,301.43,1434.2,126.47,819.13,310.9,579.57,49.035,617.89,30.314,1888.2,199.59,1225.2,162.99,1047.9,203.27,732.34,529.63,504.39,191.31,1319.3,-8.4975,1221.2,8.0327,1717.5,NaN,NaN,47.524,801.65,67.147,553.73,937.29,446.41,512.28,443.81,NaN,NaN,618.98,26.011,928.54,155.06,564.41,24.829,930,506.15,913.71,276.65,19.093,1423.7
970.36,,495.42,872.84,133.39,1259.5,431.49,1756.4,315.52,1487.8,144.11,803.6,321.24,560.08,49.606,618.11,33.706,1939,200.09,1224.3,192.19,1049.6,203.33,721.22,527.52,506.34,193.24,1325.3,-13.017,1225.1,7.9744,1717.3,NaN,NaN,47.703,800.42,66.365,554.05,937.86,446.29,512.14,443.06,NaN,NaN,618.93,26.004,928.66,154.21,564.41,24.817,930,506.18,913.71,276.65,19.185,1423.5
1077.8,,494.81,868.63,128.54,1243.1,453.87,1824.2,329.6,1541.5,161.74,788.07,331.58,540.6,50.177,618.34,37.098,1989.7,200.58,1223.5,208.86,1053.2,203.39,710.09,525.71,508.89,195.17,1331.3,-17.536,1229,7.7348,1716.9,47.972,799.15,66.457,554.4,938.43,446.16,512.22,443.72,NaN,NaN,618.91,26.001,928.72,156.71,564.41,24.819,930,506.14,913.71,276.65,18.985,1423.6,NaN,NaN
1083,,495.98,874.64,123.68,1226.7,77.592,1799.4,343.69,1595.2,179.38,772.54,517.98,973.59,50.748,618.56,38.707,1796.2,201.08,1222.7,225.53,1056.7,203.44,698.97,524.23,507.84,197.11,1337.3,-22.056,1233,7.9013,1718.2,48.155,798.2,65.985,555.02,939,446.04,512.31,444.42,NaN,NaN,618.91,26,928.74,157.59,564.41,24.824,930.02,506.04,913.71,276.65,18.937,1423.5,NaN,NaN
1083.3,,495.6,893.17,118.83,1210.2,71.798,1812.6,357.77,1648.8,197.01,757.01,525.01,981.04,51.319,618.78,38.716,1792,201.57,1221.9,242.2,1060.3,203.5,687.84,523.51,510.39,199.04,1343.3,-26.575,1236.9,8.2022,1718.4,48.442,797.75,63.606,553.7,497.47,816.74,512.39,444.97,618.91,26,928.74,157.59,564.41,24.828,930.03,505.98,913.71,276.65,18.888,1423.5,NaN,NaN,NaN,NaN
